variant,rho,c,mse_si,mse_ppi,min_mse_oracle,mse_hybrid,R_excess
default_R2_0.56,0.0,0.1,0.0006503228611477239,0.0028158310931667425,0.0006503228611477239,0.0025648629471954915,0.0019145400860477676
default_R2_0.56,0.0,0.2,0.0006503228611477239,0.0028158310931667425,0.0006503228611477239,0.002392566528731525,0.0017422436675838013
default_R2_0.56,0.0,0.3,0.0006503228611477239,0.0028158310931667425,0.0006503228611477239,0.002256156006944212,0.0016058331457964883
default_R2_0.56,0.0,0.4,0.0006503228611477239,0.0028158310931667425,0.0006503228611477239,0.0021429041524339133,0.0014925812912861894
default_R2_0.56,0.0,0.5,0.0006503228611477239,0.0028158310931667425,0.0006503228611477239,0.0020462740670075127,0.0013959512058597887
default_R2_0.56,0.0,0.6,0.0006503228611477239,0.0028158310931667425,0.0006503228611477239,0.001962285560013045,0.001311962698865321
default_R2_0.56,0.0,0.7,0.0006503228611477239,0.0028158310931667425,0.0006503228611477239,0.0018882797206174484,0.0012379568594697245
default_R2_0.56,0.0,0.8,0.0006503228611477239,0.0028158310931667425,0.0006503228611477239,0.001822371279311069,0.001172048418163345
default_R2_0.56,0.0,0.9,0.0006503228611477239,0.0028158310931667425,0.0006503228611477239,0.0017631661058361626,0.0011128432446884386
default_R2_0.56,0.0,1.0,0.0006503228611477239,0.0028158310931667425,0.0006503228611477239,0.0017096002094708633,0.0010592773483231394
default_R2_0.56,0.0,1.1,0.0006503228611477239,0.0028158310931667425,0.0006503228611477239,0.0016608412336172294,0.0010105183724695055
default_R2_0.56,0.0,1.2,0.0006503228611477239,0.0028158310931667425,0.0006503228611477239,0.0016162248790139065,0.0009659020178661825
default_R2_0.56,0.0,1.3,0.0006503228611477239,0.0028158310931667425,0.0006503228611477239,0.0015752121168174401,0.0009248892556697162
default_R2_0.56,0.0,1.4,0.0006503228611477239,0.0028158310931667425,0.0006503228611477239,0.0015373594037537428,0.0008870365426060188
default_R2_0.56,0.0,1.5,0.0006503228611477239,0.0028158310931667425,0.0006503228611477239,0.001502297361115802,0.0008519744999680781
default_R2_0.56,0.0,1.6,0.0006503228611477239,0.0028158310931667425,0.0006503228611477239,0.0014697151491984643,0.0008193922880507403
default_R2_0.56,0.0,1.7,0.0006503228611477239,0.0028158310931667425,0.0006503228611477239,0.001439348782995772,0.000789025921848048
default_R2_0.56,0.0,1.8,0.0006503228611477239,0.0028158310931667425,0.0006503228611477239,0.0014109722413839078,0.0007606493802361839
default_R2_0.56,0.0,1.9,0.0006503228611477239,0.0028158310931667425,0.0006503228611477239,0.0013843905978224468,0.0007340677366747229
default_R2_0.56,0.0,2.0,0.0006503228611477239,0.0028158310931667425,0.0006503228611477239,0.0013594346408070618,0.0007091117796593379
default_R2_0.56,0.0,2.1,0.0006503228611477239,0.0028158310931667425,0.0006503228611477239,0.0013359566100052396,0.0006856337488575157
default_R2_0.56,0.0,2.2,0.0006503228611477239,0.0028158310931667425,0.0006503228611477239,0.0013138267800083168,0.0006635039188605928
default_R2_0.56,0.0,2.3,0.0006503228611477239,0.0028158310931667425,0.0006503228611477239,0.0012929306963888093,0.0006426078352410854
default_R2_0.56,0.0,2.4,0.0006503228611477239,0.0028158310931667425,0.0006503228611477239,0.0012731669196287079,0.000622844058480984
default_R2_0.56,0.0,2.5,0.0006503228611477239,0.0028158310931667425,0.0006503228611477239,0.0012544451686629507,0.0006041223075152267
default_R2_0.56,0.0,2.6,0.0006503228611477239,0.0028158310931667425,0.0006503228611477239,0.0012366847819019623,0.0005863619207542383
default_R2_0.56,0.0,2.7,0.0006503228611477239,0.0028158310931667425,0.0006503228611477239,0.0012198134327163367,0.0005694905715686127
default_R2_0.56,0.0,2.8,0.0006503228611477239,0.0028158310931667425,0.0006503228611477239,0.001203766050538987,0.0005534431893912631
default_R2_0.56,0.0,2.9,0.0006503228611477239,0.0028158310931667425,0.0006503228611477239,0.0011884839093674055,0.0005381610482196816
default_R2_0.56,0.0,3.0,0.0006503228611477239,0.0028158310931667425,0.0006503228611477239,0.0011739138535029059,0.000523590992355182
default_R2_0.56,0.0,3.1,0.0006503228611477239,0.0028158310931667425,0.0006503228611477239,0.001160007636528202,0.000509684775380478
default_R2_0.56,0.0,3.2,0.0006503228611477239,0.0028158310931667425,0.0006503228611477239,0.0011467213542859006,0.0004963984931381767
default_R2_0.56,0.0,3.3,0.0006503228611477239,0.0028158310931667425,0.0006503228611477239,0.0011340149563292183,0.0004836920951814944
default_R2_0.56,0.0,3.4,0.0006503228611477239,0.0028158310931667425,0.0006503228611477239,0.0011218518232280056,0.0004715289620802817
default_R2_0.56,0.0,3.5,0.0006503228611477239,0.0028158310931667425,0.0006503228611477239,0.0011101983994161683,0.00045987553826844435
default_R2_0.56,0.0,3.6,0.0006503228611477239,0.0028158310931667425,0.0006503228611477239,0.0010990238731007553,0.00044870101195303136
default_R2_0.56,0.0,3.7,0.0006503228611477239,0.0028158310931667425,0.0006503228611477239,0.0010882998962232658,0.00043797703507554185
default_R2_0.56,0.0,3.8,0.0006503228611477239,0.0028158310931667425,0.0006503228611477239,0.0010780003386495487,0.00042767747750182476
default_R2_0.56,0.0,3.9,0.0006503228611477239,0.0028158310931667425,0.0006503228611477239,0.0010681010717265911,0.0004177782105788672
default_R2_0.56,0.0,4.0,0.0006503228611477239,0.0028158310931667425,0.0006503228611477239,0.0010585797771290387,0.00040825691598131474
default_R2_0.56,0.0,4.1,0.0006503228611477239,0.0028158310931667425,0.0006503228611477239,0.0010494157775614865,0.00039909291641376256
default_R2_0.56,0.0,4.2,0.0006503228611477239,0.0028158310931667425,0.0006503228611477239,0.0010405898864124525,0.0003902670252647286
default_R2_0.56,0.0,4.3,0.0006503228611477239,0.0028158310931667425,0.0006503228611477239,0.001032084273894503,0.000381761412746779
default_R2_0.56,0.0,4.4,0.0006503228611477239,0.0028158310931667425,0.0006503228611477239,0.0010238823475695784,0.0003735594864218545
default_R2_0.56,0.0,4.5,0.0006503228611477239,0.0028158310931667425,0.0006503228611477239,0.001015968645462901,0.000365645784315177
default_R2_0.56,0.0,4.6,0.0006503228611477239,0.0028158310931667425,0.0006503228611477239,0.0010083287402239353,0.00035800587907621135
default_R2_0.56,0.0,4.7,0.0006503228611477239,0.0028158310931667425,0.0006503228611477239,0.0010009491530074794,0.0003506262918597555
default_R2_0.56,0.0,4.8,0.0006503228611477239,0.0028158310931667425,0.0006503228611477239,0.000993817275929169,0.00034349441478144505
default_R2_0.56,0.0,4.9,0.0006503228611477239,0.0028158310931667425,0.0006503228611477239,0.0009869213021032443,0.0003365984409555204
default_R2_0.56,0.0,5.0,0.0006503228611477239,0.0028158310931667425,0.0006503228611477239,0.0009802501624009605,0.0003299273012532366
default_R2_0.56,0.05,0.1,0.0006917876381272617,0.00275456994356237,0.0006917876381272617,0.0024964246865820747,0.001804637048454813
default_R2_0.56,0.05,0.2,0.0006917876381272617,0.00275456994356237,0.0006917876381272617,0.0023209153923105757,0.001629127754183314
default_R2_0.56,0.05,0.3,0.0006917876381272617,0.00275456994356237,0.0006917876381272617,0.0021828460611276633,0.0014910584230004016
default_R2_0.56,0.05,0.4,0.0006917876381272617,0.00275456994356237,0.0006917876381272617,0.002068830969279106,0.0013770433311518443
default_R2_0.56,0.05,0.5,0.0006917876381272617,0.00275456994356237,0.0006917876381272617,0.0019720056032913216,0.00128021796516406
default_R2_0.56,0.05,0.6,0.0006917876381272617,0.00275456994356237,0.0006917876381272617,0.001888202402016169,0.0011964147638889072
default_R2_0.56,0.05,0.7,0.0006917876381272617,0.00275456994356237,0.0006917876381272617,0.0018146476706781003,0.0011228600325508386
default_R2_0.56,0.05,0.8,0.0006917876381272617,0.00275456994356237,0.0006917876381272617,0.0017493819318383202,0.0010575942937110585
default_R2_0.56,0.05,0.9,0.0006917876381272617,0.00275456994356237,0.0006917876381272617,0.0016909608431422054,0.0009991732050149437
default_R2_0.56,0.05,1.0,0.0006917876381272617,0.00275456994356237,0.0006917876381272617,0.0016382850909778285,0.0009464974528505669
default_R2_0.56,0.05,1.1,0.0006917876381272617,0.00275456994356237,0.0006917876381272617,0.001590496634841422,0.0008987089967141604
default_R2_0.56,0.05,1.2,0.0006917876381272617,0.00275456994356237,0.0006917876381272617,0.001546911971666485,0.0008551243335392232
default_R2_0.56,0.05,1.3,0.0006917876381272617,0.00275456994356237,0.0006917876381272617,0.0015069773740236624,0.0008151897358964007
default_R2_0.56,0.05,1.4,0.0006917876381272617,0.00275456994356237,0.0006917876381272617,0.0014702378269752007,0.000778450188847939
default_R2_0.56,0.05,1.5,0.0006917876381272617,0.00275456994356237,0.0006917876381272617,0.0014363148531179762,0.0007445272149907145
default_R2_0.56,0.05,1.6,0.0006917876381272617,0.00275456994356237,0.0006917876381272617,0.0014048902999132457,0.000713102661785984
default_R2_0.56,0.05,1.7,0.0006917876381272617,0.00275456994356237,0.0006917876381272617,0.0013756942410579084,0.0006839066029306468
default_R2_0.56,0.05,1.8,0.0006917876381272617,0.00275456994356237,0.0006917876381272617,0.0013484957862589504,0.0006567081481316888
default_R2_0.56,0.05,1.9,0.0006917876381272617,0.00275456994356237,0.0006917876381272617,0.0013230959908780363,0.0006313083527507747
default_R2_0.56,0.05,2.0,0.0006917876381272617,0.00275456994356237,0.0006917876381272617,0.0012993223099850985,0.0006075346718578368
default_R2_0.56,0.05,2.1,0.0006917876381272617,0.00275456994356237,0.0006917876381272617,0.0012770242070370595,0.0005852365689097978
default_R2_0.56,0.05,2.2,0.0006917876381272617,0.00275456994356237,0.0006917876381272617,0.0012560696384632231,0.0005642820003359614
default_R2_0.56,0.05,2.3,0.0006917876381272617,0.00275456994356237,0.0006917876381272617,0.0012363422114792634,0.0005445545733520018
default_R2_0.56,0.05,2.4,0.0006917876381272617,0.00275456994356237,0.0006917876381272617,0.0012177388655033295,0.0005259512273760678
default_R2_0.56,0.05,2.5,0.0006917876381272617,0.00275456994356237,0.0006917876381272617,0.0012001679651943045,0.0005083803270670428
default_R2_0.56,0.05,2.6,0.0006917876381272617,0.00275456994356237,0.0006917876381272617,0.0011835477202607868,0.0004917600821335252
default_R2_0.56,0.05,2.7,0.0006917876381272617,0.00275456994356237,0.0006917876381272617,0.0011678048670137075,0.00047601722888644584
default_R2_0.56,0.05,2.8,0.0006917876381272617,0.00275456994356237,0.0006917876381272617,0.0011528735613085639,0.0004610859231813022
default_R2_0.56,0.05,2.9,0.0006917876381272617,0.00275456994356237,0.0006917876381272617,0.0011386944435115751,0.00044690680538431345
default_R2_0.56,0.05,3.0,0.0006917876381272617,0.00275456994356237,0.0006917876381272617,0.0011252138444422552,0.0004334262063149935
default_R2_0.56,0.05,3.1,0.0006917876381272617,0.00275456994356237,0.0006917876381272617,0.0011123831076048955,0.0004205954694776338
default_R2_0.56,0.05,3.2,0.0006917876381272617,0.00275456994356237,0.0006917876381272617,0.0011001580079293394,0.00040837036980207776
default_R2_0.56,0.05,3.3,0.0006917876381272617,0.00275456994356237,0.0006917876381272617,0.0010884982510614338,0.00039671061293417216
default_R2_0.56,0.05,3.4,0.0006917876381272617,0.00275456994356237,0.0006917876381272617,0.0010773670402406804,0.0003855794021134188
default_R2_0.56,0.05,3.5,0.0006917876381272617,0.00275456994356237,0.0006917876381272617,0.001066730700171773,0.00037494306204451143
default_R2_0.56,0.05,3.6,0.0006917876381272617,0.00275456994356237,0.0006917876381272617,0.0010565583491826294,0.00036477071105536774
default_R2_0.56,0.05,3.7,0.0006917876381272617,0.00275456994356237,0.0006917876381272617,0.0010468216124726712,0.0003550339743454095
default_R2_0.56,0.05,3.8,0.0006917876381272617,0.00275456994356237,0.0006917876381272617,0.0010374943704734446,0.0003457067323461829
default_R2_0.56,0.05,3.9,0.0006917876381272617,0.00275456994356237,0.0006917876381272617,0.0010285525373316764,0.00033676489920441473
default_R2_0.56,0.05,4.0,0.0006917876381272617,0.00275456994356237,0.0006917876381272617,0.0010199738653304978,0.0003281862272032361
default_R2_0.56,0.05,4.1,0.0006917876381272617,0.00275456994356237,0.0006917876381272617,0.001011737771724898,0.00031995013359763626
default_R2_0.56,0.05,4.2,0.0006917876381272617,0.00275456994356237,0.0006917876381272617,0.001003825185011397,0.00031203754688413523
default_R2_0.56,0.05,4.3,0.0006917876381272617,0.00275456994356237,0.0006917876381272617,0.0009962184081020466,0.00030443076997478495
default_R2_0.56,0.05,4.4,0.0006917876381272617,0.00275456994356237,0.0006917876381272617,0.0009889009962470113,0.0002971133581197497
default_R2_0.56,0.05,4.5,0.0006917876381272617,0.00275456994356237,0.0006917876381272617,0.000981857647862313,0.00029007000973505143
default_R2_0.56,0.05,4.6,0.0006917876381272617,0.00275456994356237,0.0006917876381272617,0.0009750741066810558,0.0002832864685537942
default_R2_0.56,0.05,4.7,0.0006917876381272617,0.00275456994356237,0.0006917876381272617,0.0009685370738666761,0.00027674943573941446
default_R2_0.56,0.05,4.8,0.0006917876381272617,0.00275456994356237,0.0006917876381272617,0.0009622341289126987,0.00027044649078543706
default_R2_0.56,0.05,4.9,0.0006917876381272617,0.00275456994356237,0.0006917876381272617,0.0009561536583110431,0.00026436602018378144
default_R2_0.56,0.05,5.0,0.0006917876381272617,0.00275456994356237,0.0006917876381272617,0.0009502847911048747,0.000258497152977613
default_R2_0.56,0.1,0.1,0.0009434983867563854,0.0027560017273439833,0.0009434983867563854,0.00252713584684314,0.0015836374600867549
default_R2_0.56,0.1,0.2,0.0009434983867563854,0.0027560017273439833,0.0009434983867563854,0.002373895531005127,0.0014303971442487418
default_R2_0.56,0.1,0.3,0.0009434983867563854,0.0027560017273439833,0.0009434983867563854,0.002253531976788219,0.0013100335900318337
default_R2_0.56,0.1,0.4,0.0009434983867563854,0.0027560017273439833,0.0009434983867563854,0.0021537083677975106,0.0012102099810411254
default_R2_0.56,0.1,0.5,0.0009434983867563854,0.0027560017273439833,0.0009434983867563854,0.002068412187240096,0.001124913800483711
default_R2_0.56,0.1,0.6,0.0009434983867563854,0.0027560017273439833,0.0009434983867563854,0.0019941058983147172,0.001050607511558332
default_R2_0.56,0.1,0.7,0.0009434983867563854,0.0027560017273439833,0.0009434983867563854,0.001928474609955127,0.0009849762231987419
default_R2_0.56,0.1,0.8,0.0009434983867563854,0.0027560017273439833,0.0009434983867563854,0.0018698957453152207,0.0009263973585588353
default_R2_0.56,0.1,0.9,0.0009434983867563854,0.0027560017273439833,0.0009434983867563854,0.0018171760126153512,0.0008736776258589659
default_R2_0.56,0.1,1.0,0.0009434983867563854,0.0027560017273439833,0.0009434983867563854,0.0017694061509862657,0.0008259077642298803
default_R2_0.56,0.1,1.1,0.0009434983867563854,0.0027560017273439833,0.0009434983867563854,0.0017258741873539983,0.0007823758005976129
default_R2_0.56,0.1,1.2,0.0009434983867563854,0.0027560017273439833,0.0009434983867563854,0.001686010454964554,0.0007425120682081687
default_R2_0.56,0.1,1.3,0.0009434983867563854,0.0027560017273439833,0.0009434983867563854,0.0016493510721336735,0.0007058526853772881
default_R2_0.56,0.1,1.4,0.0009434983867563854,0.0027560017273439833,0.0009434983867563854,0.0016155127493297093,0.000672014362573324
default_R2_0.56,0.1,1.5,0.0009434983867563854,0.0027560017273439833,0.0009434983867563854,0.0015841748624133162,0.0006406764756569308
default_R2_0.56,0.1,1.6,0.0009434983867563854,0.0027560017273439833,0.0009434983867563854,0.0015550663606570846,0.0006115679739006993
default_R2_0.56,0.1,1.7,0.0009434983867563854,0.0027560017273439833,0.0009434983867563854,0.0015279559926978524,0.0005844576059414671
default_R2_0.56,0.1,1.8,0.0009434983867563854,0.0027560017273439833,0.0009434983867563854,0.0015026448702828534,0.000559146483526468
default_R2_0.56,0.1,1.9,0.0009434983867563854,0.0027560017273439833,0.0009434983867563854,0.0014789607170927503,0.0005354623303363649
default_R2_0.56,0.1,2.0,0.0009434983867563854,0.0027560017273439833,0.0009434983867563854,0.0014567533564581324,0.0005132549697017471
default_R2_0.56,0.1,2.1,0.0009434983867563854,0.0027560017273439833,0.0009434983867563854,0.001435891125913064,0.0004923927391566786
default_R2_0.56,0.1,2.2,0.0009434983867563854,0.0027560017273439833,0.0009434983867563854,0.0014162579958905954,0.0004727596091342101
default_R2_0.56,0.1,2.3,0.0009434983867563854,0.0027560017273439833,0.0009434983867563854,0.0013977512307649174,0.00045425284400853205
default_R2_0.56,0.1,2.4,0.0009434983867563854,0.0027560017273439833,0.0009434983867563854,0.0013802794727939612,0.00043678108603757585
default_R2_0.56,0.1,2.5,0.0009434983867563854,0.0027560017273439833,0.0009434983867563854,0.001363761159502876,0.0004202627727464906
default_R2_0.56,0.1,2.6,0.0009434983867563854,0.0027560017273439833,0.0009434983867563854,0.0013481232066307686,0.00040462481987438325
default_R2_0.56,0.1,2.7,0.0009434983867563854,0.0027560017273439833,0.0009434983867563854,0.0013332999045270611,0.0003898015177706758
default_R2_0.56,0.1,2.8,0.0009434983867563854,0.0027560017273439833,0.0009434983867563854,0.0013192319875538995,0.0003757336007975141
default_R2_0.56,0.1,2.9,0.0009434983867563854,0.0027560017273439833,0.0009434983867563854,0.0013058658447970429,0.00036236745804065754
default_R2_0.56,0.1,3.0,0.0009434983867563854,0.0027560017273439833,0.0009434983867563854,0.0012931528470164154,0.0003496544602600301
default_R2_0.56,0.1,3.1,0.0009434983867563854,0.0027560017273439833,0.0009434983867563854,0.0012810487698438275,0.00033755038308744213
default_R2_0.56,0.1,3.2,0.0009434983867563854,0.0027560017273439833,0.0009434983867563854,0.0012695132971601553,0.00032601491040376996
default_R2_0.56,0.1,3.3,0.0009434983867563854,0.0027560017273439833,0.0009434983867563854,0.0012585095916457193,0.00031501120488933393
default_R2_0.56,0.1,3.4,0.0009434983867563854,0.0027560017273439833,0.0009434983867563854,0.0012480039219053146,0.00030450553514892924
default_R2_0.56,0.1,3.5,0.0009434983867563854,0.0027560017273439833,0.0009434983867563854,0.0012379653374774582,0.0002944669507210729
default_R2_0.56,0.1,3.6,0.0009434983867563854,0.0027560017273439833,0.0009434983867563854,0.0012283653845604496,0.00028486699780406425
default_R2_0.56,0.1,3.7,0.0009434983867563854,0.0027560017273439833,0.0009434983867563854,0.0012191778565116213,0.00027567946975523593
default_R2_0.56,0.1,3.8,0.0009434983867563854,0.0027560017273439833,0.0009434983867563854,0.001210378574165699,0.0002668801874093136
default_R2_0.56,0.1,3.9,0.0009434983867563854,0.0027560017273439833,0.0009434983867563854,0.0012019451918230159,0.0002584468050666305
default_R2_0.56,0.1,4.0,0.0009434983867563854,0.0027560017273439833,0.0009434983867563854,0.001193857025416578,0.00025035863866019255
default_R2_0.56,0.1,4.1,0.0009434983867563854,0.0027560017273439833,0.0009434983867563854,0.0011860948999081419,0.00024259651315175653
default_R2_0.56,0.1,4.2,0.0009434983867563854,0.0027560017273439833,0.0009434983867563854,0.0011786410134106227,0.00023514262665423732
default_R2_0.56,0.1,4.3,0.0009434983867563854,0.0027560017273439833,0.0009434983867563854,0.0011714788159052653,0.00022798042914887998
default_R2_0.56,0.1,4.4,0.0009434983867563854,0.0027560017273439833,0.0009434983867563854,0.0011645929007315142,0.00022109451397512886
default_R2_0.56,0.1,4.5,0.0009434983867563854,0.0027560017273439833,0.0009434983867563854,0.0011579689072865828,0.00021447052053019742
default_R2_0.56,0.1,4.6,0.0009434983867563854,0.0027560017273439833,0.0009434983867563854,0.0011515934335895577,0.00020809504683317237
default_R2_0.56,0.1,4.7,0.0009434983867563854,0.0027560017273439833,0.0009434983867563854,0.001145453957548651,0.00020195557079226575
default_R2_0.56,0.1,4.8,0.0009434983867563854,0.0027560017273439833,0.0009434983867563854,0.001139538765925885,0.0001960403791694997
default_R2_0.56,0.1,4.9,0.0009434983867563854,0.0027560017273439833,0.0009434983867563854,0.0011338368901257568,0.00019033850336937143
default_R2_0.56,0.1,5.0,0.0009434983867563854,0.0027560017273439833,0.0009434983867563854,0.0011283380480472361,0.00018483966129085076
default_R2_0.56,0.15,0.1,0.0014078978096028025,0.002545274145128629,0.0014078978096028025,0.002360111136285467,0.0009522133266826646
default_R2_0.56,0.15,0.2,0.0014078978096028025,0.002545274145128629,0.0014078978096028025,0.0022336553786328375,0.000825757569030035
default_R2_0.56,0.15,0.3,0.0014078978096028025,0.002545274145128629,0.0014078978096028025,0.0021334333444235866,0.000725535534820784
default_R2_0.56,0.15,0.4,0.0014078978096028025,0.002545274145128629,0.0014078978096028025,0.0020502413593204093,0.0006423435497176068
default_R2_0.56,0.15,0.5,0.0014078978096028025,0.002545274145128629,0.0014078978096028025,0.001979373777484404,0.0005714759678816016
default_R2_0.56,0.15,0.6,0.0014078978096028025,0.002545274145128629,0.0014078978096028025,0.0019179578670224901,0.0005100600574196876
default_R2_0.56,0.15,0.7,0.0014078978096028025,0.002545274145128629,0.0014078978096028025,0.00186406399228393,0.0004561661826811274
default_R2_0.56,0.15,0.8,0.0014078978096028025,0.002545274145128629,0.0014078978096028025,0.0018163141399400987,0.00040841633033729613
default_R2_0.56,0.15,0.9,0.0014078978096028025,0.002545274145128629,0.0014078978096028025,0.001773681051409838,0.0003657832418070355
default_R2_0.56,0.15,1.0,0.0014078978096028025,0.002545274145128629,0.0014078978096028025,0.0017353741354399247,0.0003274763258371222
default_R2_0.56,0.15,1.1,0.0014078978096028025,0.002545274145128629,0.0014078978096028025,0.001700769753637323,0.0002928719440345206
default_R2_0.56,0.15,1.2,0.0014078978096028025,0.002545274145128629,0.0014078978096028025,0.0016693661906714992,0.0002614683810686967
default_R2_0.56,0.15,1.3,0.0014078978096028025,0.002545274145128629,0.0014078978096028025,0.0016407532719743415,0.00023285546237153897
default_R2_0.56,0.15,1.4,0.0014078978096028025,0.002545274145128629,0.0014078978096028025,0.0016145911296096443,0.00020669332000684175
default_R2_0.56,0.15,1.5,0.0014078978096028025,0.002545274145128629,0.0014078978096028025,0.0015905949248435757,0.0001826971152407732
default_R2_0.56,0.15,1.6,0.0014078978096028025,0.002545274145128629,0.0014078978096028025,0.001568523585906944,0.0001606257763041416
default_R2_0.56,0.15,1.7,0.0014078978096028025,0.002545274145128629,0.0014078978096028025,0.0015481713324079602,0.00014027352280515768
default_R2_0.56,0.15,1.8,0.0014078978096028025,0.002545274145128629,0.0014078978096028025,0.0015293611825902042,0.00012146337298740164
default_R2_0.56,0.15,1.9,0.0014078978096028025,0.002545274145128629,0.0014078978096028025,0.0015119399022086233,0.00010404209260582073
default_R2_0.56,0.15,2.0,0.0014078978096028025,0.002545274145128629,0.0014078978096028025,0.0014957740214011585,8.787621179835595e-05
default_R2_0.56,0.15,2.1,0.0014078978096028025,0.002545274145128629,0.0014078978096028025,0.001480746655942129,7.284884633932645e-05
default_R2_0.56,0.15,2.2,0.0014078978096028025,0.002545274145128629,0.0014078978096028025,0.001466754943261668,5.885713365886549e-05
default_R2_0.56,0.15,2.3,0.0014078978096028025,0.002545274145128629,0.0014078978096028025,0.001453707954485132,4.581014488232952e-05
default_R2_0.56,0.15,2.4,0.0014078978096028025,0.002545274145128629,0.0014078978096028025,0.0014415249794013808,3.362716979857824e-05
default_R2_0.56,0.15,2.5,0.0014078978096028025,0.002545274145128629,0.0014078978096028025,0.0014301341066984086,2.223629709560606e-05
default_R2_0.56,0.15,2.6,0.0014078978096028025,0.002545274145128629,0.0014078978096028025,0.0014194710402284528,1.157323062565027e-05
default_R2_0.56,0.15,2.7,0.0014078978096028025,0.002545274145128629,0.0014078978096028025,0.0014094781056037476,1.5802960009450497e-06
default_R2_0.56,0.15,2.8,0.0014078978096028025,0.002545274145128629,0.0014078978096028025,0.0014001034115032173,-7.794398099585185e-06
default_R2_0.56,0.15,2.9,0.0014078978096028025,0.002545274145128629,0.0014078978096028025,0.0013913001376630175,-1.6597671939784986e-05
default_R2_0.56,0.15,3.0,0.0014078978096028025,0.002545274145128629,0.0014078978096028025,0.0013830259273057749,-2.4871882297027633e-05
default_R2_0.56,0.15,3.1,0.0014078978096028025,0.002545274145128629,0.0014078978096028025,0.0013752423662105678,-3.2655443392234744e-05
default_R2_0.56,0.15,3.2,0.0014078978096028025,0.002545274145128629,0.0014078978096028025,0.001367914534077939,-3.9983275524863504e-05
default_R2_0.56,0.15,3.3,0.0014078978096028025,0.002545274145128629,0.0014078978096028025,0.0013610106165470798,-4.688719305572268e-05
default_R2_0.56,0.15,3.4,0.0014078978096028025,0.002545274145128629,0.0014078978096028025,0.0013545015683552788,-5.3396241247523736e-05
default_R2_0.56,0.15,3.5,0.0014078978096028025,0.002545274145128629,0.0014078978096028025,0.0013483608198254053,-5.95369897773972e-05
default_R2_0.56,0.15,3.6,0.0014078978096028025,0.002545274145128629,0.0014078978096028025,0.0013425640202245589,-6.533378937824364e-05
default_R2_0.56,0.15,3.7,0.0014078978096028025,0.002545274145128629,0.0014078978096028025,0.0013370888126305691,-7.08089969722334e-05
default_R2_0.56,0.15,3.8,0.0014078978096028025,0.002545274145128629,0.0014078978096028025,0.0013319146358294045,-7.598317377339797e-05
default_R2_0.56,0.15,3.9,0.0014078978096028025,0.002545274145128629,0.0014078978096028025,0.001327022549489046,-8.087526011375649e-05
default_R2_0.56,0.15,4.0,0.0014078978096028025,0.002545274145128629,0.0014078978096028025,0.0013223950794475038,-8.550273015529874e-05
default_R2_0.56,0.15,4.1,0.0014078978096028025,0.002545274145128629,0.0014078978096028025,0.001318016080440323,-8.988172916247952e-05
default_R2_0.56,0.15,4.2,0.0014078978096028025,0.002545274145128629,0.0014078978096028025,0.001313870613996534,-9.40271956062686e-05
default_R2_0.56,0.15,4.3,0.0014078978096028025,0.002545274145128629,0.0014078978096028025,0.0013099448395675157,-9.79529700352868e-05
default_R2_0.56,0.15,4.4,0.0014078978096028025,0.002545274145128629,0.0014078978096028025,0.0013062259172333533,-0.00010167189236944918
default_R2_0.56,0.15,4.5,0.0014078978096028025,0.002545274145128629,0.0014078978096028025,0.001302701920566089,-0.00010519588903671359
default_R2_0.56,0.15,4.6,0.0014078978096028025,0.002545274145128629,0.0014078978096028025,0.0012993617584268584,-0.00010853605117594413
default_R2_0.56,0.15,4.7,0.0014078978096028025,0.002545274145128629,0.0014078978096028025,0.0012961951046408023,-0.00011170270496200022
default_R2_0.56,0.15,4.8,0.0014078978096028025,0.002545274145128629,0.0014078978096028025,0.0012931923346350901,-0.0001147054749677124
default_R2_0.56,0.15,4.9,0.0014078978096028025,0.002545274145128629,0.0014078978096028025,0.0012903444682457002,-0.00011755334135710237
default_R2_0.56,0.15,5.0,0.0014078978096028025,0.002545274145128629,0.0014078978096028025,0.001287643118001213,-0.00012025469160158956
default_R2_0.56,0.2,0.1,0.0018928203376538794,0.002602324349664243,0.0018928203376538794,0.0024618840239964443,0.0005690636863425649
default_R2_0.56,0.2,0.2,0.0018928203376538794,0.002602324349664243,0.0018928203376538794,0.0023601483863785236,0.00046732804872464426
default_R2_0.56,0.2,0.3,0.0018928203376538794,0.002602324349664243,0.0018928203376538794,0.0022772057910912667,0.00038438545343738736
default_R2_0.56,0.2,0.4,0.0018928203376538794,0.002602324349664243,0.0018928203376538794,0.002207124868335392,0.00031430453068151246
default_R2_0.56,0.2,0.5,0.0018928203376538794,0.002602324349664243,0.0018928203376538794,0.00214668705487145,0.00025386671721757043
default_R2_0.56,0.2,0.6,0.0018928203376538794,0.002602324349664243,0.0018928203376538794,0.002093844153548644,0.00020102381589476455
default_R2_0.56,0.2,0.7,0.0018928203376538794,0.002602324349664243,0.0018928203376538794,0.002047173273957382,0.0001543529363035028
default_R2_0.56,0.2,0.8,0.0018928203376538794,0.002602324349664243,0.0018928203376538794,0.002005629195114033,0.00011280885746015371
default_R2_0.56,0.2,0.9,0.0018928203376538794,0.002602324349664243,0.0018928203376538794,0.0019684139288667674,7.559359121288799e-05
default_R2_0.56,0.2,1.0,0.0018928203376538794,0.002602324349664243,0.0018928203376538794,0.0019349007692762413,4.208043162236188e-05
default_R2_0.56,0.2,1.1,0.0018928203376538794,0.002602324349664243,0.0018928203376538794,0.001904586742457378,1.1766404803498524e-05
default_R2_0.56,0.2,1.2,0.0018928203376538794,0.002602324349664243,0.0018928203376538794,0.0018770611672318301,-1.5759170422049258e-05
default_R2_0.56,0.2,1.3,0.0018928203376538794,0.002602324349664243,0.0018928203376538794,0.0018519839690769406,-4.083636857693876e-05
default_R2_0.56,0.2,1.4,0.0018928203376538794,0.002602324349664243,0.0018928203376538794,0.001829070209465586,-6.375012818829332e-05
default_R2_0.56,0.2,1.5,0.0018928203376538794,0.002602324349664243,0.0018928203376538794,0.0018080787431527274,-8.474159450115202e-05
default_R2_0.56,0.2,1.6,0.0018928203376538794,0.002602324349664243,0.0018928203376538794,0.0017888037115023523,-0.00010401662615152707
default_R2_0.56,0.2,1.7,0.0018928203376538794,0.002602324349664243,0.0018928203376538794,0.0017710680400025859,-0.00012175229765129351
default_R2_0.56,0.2,1.8,0.0018928203376538794,0.002602324349664243,0.0018928203376538794,0.001754718386230299,-0.0001381019514235804
default_R2_0.56,0.2,1.9,0.0018928203376538794,0.002602324349664243,0.0018928203376538794,0.0017396211590950093,-0.00015319917855887008
default_R2_0.56,0.2,2.0,0.0018928203376538794,0.002602324349664243,0.0018928203376538794,0.0017256593433517412,-0.0001671609943021382
default_R2_0.56,0.2,2.1,0.0018928203376538794,0.002602324349664243,0.0018928203376538794,0.001712729938794815,-0.00018009039885906442
default_R2_0.56,0.2,2.2,0.0018928203376538794,0.002602324349664243,0.0018928203376538794,0.0017007418750474123,-0.00019207846260646706
default_R2_0.56,0.2,2.3,0.0018928203376538794,0.002602324349664243,0.0018928203376538794,0.0016896142987871629,-0.00020320603886671653
default_R2_0.56,0.2,2.4,0.0018928203376538794,0.002602324349664243,0.0018928203376538794,0.0016792751557832097,-0.00021354518187066966
default_R2_0.56,0.2,2.5,0.0018928203376538794,0.002602324349664243,0.0018928203376538794,0.0016696600085766011,-0.00022316032907727826
default_R2_0.56,0.2,2.6,0.0018928203376538794,0.002602324349664243,0.0018928203376538794,0.0016607110441772572,-0.00023210929347662222
default_R2_0.56,0.2,2.7,0.0018928203376538794,0.002602324349664243,0.0018928203376538794,0.0016523762362211244,-0.00024044410143275502
default_R2_0.56,0.2,2.8,0.0018928203376538794,0.002602324349664243,0.0018928203376538794,0.0016446086336122673,-0.00024821170404161204
default_R2_0.56,0.2,2.9,0.0018928203376538794,0.002602324349664243,0.0018928203376538794,0.0016373657534457617,-0.00025545458420811766
default_R2_0.56,0.2,3.0,0.0018928203376538794,0.002602324349664243,0.0018928203376538794,0.0016306090604453543,-0.00026221127720852506
default_R2_0.56,0.2,3.1,0.0018928203376538794,0.002602324349664243,0.0018928203376538794,0.0016243035185949358,-0.0002685168190589436
default_R2_0.56,0.2,3.2,0.0018928203376538794,0.002602324349664243,0.0018928203376538794,0.0016184172033401887,-0.0002744031343136907
default_R2_0.56,0.2,3.3,0.0018928203376538794,0.002602324349664243,0.0018928203376538794,0.0016129209648655621,-0.00027989937278831726
default_R2_0.56,0.2,3.4,0.0018928203376538794,0.002602324349664243,0.0018928203376538794,0.0016077881346442694,-0.00028503220300960994
default_R2_0.56,0.2,3.5,0.0018928203376538794,0.002602324349664243,0.0018928203376538794,0.0016029942688140033,-0.00028982606883987605
default_R2_0.56,0.2,3.6,0.0018928203376538794,0.002602324349664243,0.0018928203376538794,0.001598516923022842,-0.0002943034146310373
default_R2_0.56,0.2,3.7,0.0018928203376538794,0.002602324349664243,0.0018928203376538794,0.0015943354542748214,-0.00029848488337905796
default_R2_0.56,0.2,3.8,0.0018928203376538794,0.002602324349664243,0.0018928203376538794,0.0015904308460260922,-0.0003023894916277872
default_R2_0.56,0.2,3.9,0.0018928203376538794,0.002602324349664243,0.0018928203376538794,0.001586785553373869,-0.00030603478428001046
default_R2_0.56,0.2,4.0,0.0018928203376538794,0.002602324349664243,0.0018928203376538794,0.0015833833656673714,-0.00030943697198650795
default_R2_0.56,0.2,4.1,0.0018928203376538794,0.002602324349664243,0.0018928203376538794,0.0015802092842730204,-0.00031261105338085894
default_R2_0.56,0.2,4.2,0.0018928203376538794,0.002602324349664243,0.0018928203376538794,0.0015772494135612072,-0.0003155709240926722
default_R2_0.56,0.2,4.3,0.0018928203376538794,0.002602324349664243,0.0018928203376538794,0.0015744908634616871,-0.00031832947419219225
default_R2_0.56,0.2,4.4,0.0018928203376538794,0.002602324349664243,0.0018928203376538794,0.001571921662169128,-0.0003208986754847515
default_R2_0.56,0.2,4.5,0.0018928203376538794,0.002602324349664243,0.0018928203376538794,0.0015695306777776525,-0.00032328965987622684
default_R2_0.56,0.2,4.6,0.0018928203376538794,0.002602324349664243,0.0018928203376538794,0.0015673075477898716,-0.0003255127898640078
default_R2_0.56,0.2,4.7,0.0018928203376538794,0.002602324349664243,0.0018928203376538794,0.00156524261558712,-0.00032757772206675937
default_R2_0.56,0.2,4.8,0.0018928203376538794,0.002602324349664243,0.0018928203376538794,0.001563326873067732,-0.0003294934645861475
default_R2_0.56,0.2,4.9,0.0018928203376538794,0.002602324349664243,0.0018928203376538794,0.0015615519087626316,-0.00033126842889124783
default_R2_0.56,0.2,5.0,0.0018928203376538794,0.002602324349664243,0.0018928203376538794,0.0015599098608252051,-0.00033291047682867426
default_R2_0.56,0.25,0.1,0.0029953853011993425,0.0025072566400340212,0.0025072566400340212,0.0024533077470743304,-5.394889295969084e-05
default_R2_0.56,0.25,0.2,0.0029953853011993425,0.0025072566400340212,0.0025072566400340212,0.0024025369651641654,-0.00010471967486985582
default_R2_0.56,0.25,0.3,0.0029953853011993425,0.0025072566400340212,0.0025072566400340212,0.002358777139369254,-0.00014847950066476743
default_R2_0.56,0.25,0.4,0.0029953853011993425,0.0025072566400340212,0.0025072566400340212,0.002320868919293523,-0.0001863877207404982
default_R2_0.56,0.25,0.5,0.0029953853011993425,0.0025072566400340212,0.0025072566400340212,0.0022877995591514847,-0.0002194570808825365
default_R2_0.56,0.25,0.6,0.0029953853011993425,0.0025072566400340212,0.0025072566400340212,0.0022587759460391097,-0.0002484806939949116
default_R2_0.56,0.25,0.7,0.0029953853011993425,0.0025072566400340212,0.0025072566400340212,0.002233176754480087,-0.0002740798855539344
default_R2_0.56,0.25,0.8,0.0029953853011993425,0.0025072566400340212,0.0025072566400340212,0.002210508024364734,-0.00029674861566928714
default_R2_0.56,0.25,0.9,0.0029953853011993425,0.0025072566400340212,0.0025072566400340212,0.0021903708127154744,-0.0003168858273185468
default_R2_0.56,0.25,1.0,0.0029953853011993425,0.0025072566400340212,0.0025072566400340212,0.0021724382681121376,-0.00033481837192188366
default_R2_0.56,0.25,1.1,0.0029953853011993425,0.0025072566400340212,0.0025072566400340212,0.002156439219669326,-0.0003508174203646951
default_R2_0.56,0.25,1.2,0.0029953853011993425,0.0025072566400340212,0.0025072566400340212,0.0021421462155401727,-0.0003651104244938486
default_R2_0.56,0.25,1.3,0.0029953853011993425,0.0025072566400340212,0.0025072566400340212,0.002129366638697636,-0.0003778900013363851
default_R2_0.56,0.25,1.4,0.0029953853011993425,0.0025072566400340212,0.0025072566400340212,0.002117935990833687,-0.0003893206492003344
default_R2_0.56,0.25,1.5,0.0029953853011993425,0.0025072566400340212,0.0025072566400340212,0.0021077127334891343,-0.00039954390654488693
default_R2_0.56,0.25,1.6,0.0029953853011993425,0.0025072566400340212,0.0025072566400340212,0.0020985742681929724,-0.0004086823718410489
default_R2_0.56,0.25,1.7,0.0029953853011993425,0.0025072566400340212,0.0025072566400340212,0.0020904137637292337,-0.0004168428763047876
default_R2_0.56,0.25,1.8,0.0029953853011993425,0.0025072566400340212,0.0025072566400340212,0.0020831376230511177,-0.0004241190169829035
default_R2_0.56,0.25,1.9,0.0029953853011993425,0.0025072566400340212,0.0025072566400340212,0.002076663439830022,-0.00043059320020399916
default_R2_0.56,0.25,2.0,0.0029953853011993425,0.0025072566400340212,0.0025072566400340212,0.0020709183344763127,-0.00043633830555770857
default_R2_0.56,0.25,2.1,0.0029953853011993425,0.0025072566400340212,0.0025072566400340212,0.0020658375875756514,-0.00044141905245836987
default_R2_0.56,0.25,2.2,0.0029953853011993425,0.0025072566400340212,0.0025072566400340212,0.0020613635088239214,-0.0004458931312100998
default_R2_0.56,0.25,2.3,0.0029953853011993425,0.0025072566400340212,0.0025072566400340212,0.002057444494184236,-0.00044981214584978533
default_R2_0.56,0.25,2.4,0.0029953853011993425,0.0025072566400340212,0.0025072566400340212,0.0020540342347749618,-0.00045322240525905947
default_R2_0.56,0.25,2.5,0.0029953853011993425,0.0025072566400340212,0.0025072566400340212,0.0020510910490409086,-0.00045616559099311265
default_R2_0.56,0.25,2.6,0.0029953853011993425,0.0025072566400340212,0.0025072566400340212,0.002048577315825856,-0.0004586793242081651
default_R2_0.56,0.25,2.7,0.0029953853011993425,0.0025072566400340212,0.0025072566400340212,0.0020464589905873163,-0.00046079764944670495
default_R2_0.56,0.25,2.8,0.0029953853011993425,0.0025072566400340212,0.0025072566400340212,0.002044705190551197,-0.00046255144948282407
default_R2_0.56,0.25,2.9,0.0029953853011993425,0.0025072566400340212,0.0025072566400340212,0.0020432878373652322,-0.000463968802668789
default_R2_0.56,0.25,3.0,0.0029953853011993425,0.0025072566400340212,0.0025072566400340212,0.002042181347971468,-0.0004650752920625531
default_R2_0.56,0.25,3.1,0.0029953853011993425,0.0025072566400340212,0.0025072566400340212,0.002041362366123127,-0.0004658942739108941
default_R2_0.56,0.25,3.2,0.0029953853011993425,0.0025072566400340212,0.0025072566400340212,0.002040809528326006,-0.0004664471117080153
default_R2_0.56,0.25,3.3,0.0029953853011993425,0.0025072566400340212,0.0025072566400340212,0.002040503259068408,-0.0004667533809656131
default_R2_0.56,0.25,3.4,0.0029953853011993425,0.0025072566400340212,0.0025072566400340212,0.0020404255910761978,-0.0004668310489578235
default_R2_0.56,0.25,3.5,0.0029953853011993425,0.0025072566400340212,0.0025072566400340212,0.002040560007036328,-0.0004666966329976933
default_R2_0.56,0.25,3.6,0.0029953853011993425,0.0025072566400340212,0.0025072566400340212,0.0020408912998078348,-0.00046636534022618647
default_R2_0.56,0.25,3.7,0.0029953853011993425,0.0025072566400340212,0.0025072566400340212,0.002041405448610692,-0.0004658511914233292
default_R2_0.56,0.25,3.8,0.0029953853011993425,0.0025072566400340212,0.0025072566400340212,0.002042089509070868,-0.00046516713096315335
default_R2_0.56,0.25,3.9,0.0029953853011993425,0.0025072566400340212,0.0025072566400340212,0.002042931515320757,-0.00046432512471326426
default_R2_0.56,0.25,4.0,0.0029953853011993425,0.0025072566400340212,0.0025072566400340212,0.002043920392620655,-0.0004633362474133662
default_R2_0.56,0.25,4.1,0.0029953853011993425,0.0025072566400340212,0.0025072566400340212,0.0020450458791893126,-0.00046221076084470864
default_R2_0.56,0.25,4.2,0.0029953853011993425,0.0025072566400340212,0.0025072566400340212,0.0020462984561178477,-0.00046095818391617355
default_R2_0.56,0.25,4.3,0.0029953853011993425,0.0025072566400340212,0.0025072566400340212,0.0020476692843979837,-0.00045958735563603756
default_R2_0.56,0.25,4.4,0.0029953853011993425,0.0025072566400340212,0.0025072566400340212,0.0020491501482277678,-0.0004581064918062535
default_R2_0.56,0.25,4.5,0.0029953853011993425,0.0025072566400340212,0.0025072566400340212,0.0020507334038700133,-0.00045652323616400797
default_R2_0.56,0.25,4.6,0.0029953853011993425,0.0025072566400340212,0.0025072566400340212,0.0020524119334338876,-0.0004548447066001337
default_R2_0.56,0.25,4.7,0.0029953853011993425,0.0025072566400340212,0.0025072566400340212,0.002054179103031315,-0.00045307753700270627
default_R2_0.56,0.25,4.8,0.0029953853011993425,0.0025072566400340212,0.0025072566400340212,0.002056028724829327,-0.00045122791520469437
default_R2_0.56,0.25,4.9,0.0029953853011993425,0.0025072566400340212,0.0025072566400340212,0.0020579550225791206,-0.0004493016174549006
default_R2_0.56,0.25,5.0,0.0029953853011993425,0.0025072566400340212,0.0025072566400340212,0.002059952600253892,-0.0004473040397801292
default_R2_0.56,0.3,0.1,0.004893785237053448,0.0026225561889533875,0.0026225561889533875,0.0026320876243469933,9.53143539360584e-06
default_R2_0.56,0.3,0.2,0.004893785237053448,0.0026225561889533875,0.0026225561889533875,0.002629998124453838,7.441935500450501e-06
default_R2_0.56,0.3,0.3,0.004893785237053448,0.0026225561889533875,0.0026225561889533875,0.0026273836537980674,4.827464844679892e-06
default_R2_0.56,0.3,0.4,0.004893785237053448,0.0026225561889533875,0.0026225561889533875,0.0026253033523721634,2.7471634187758998e-06
default_R2_0.56,0.3,0.5,0.004893785237053448,0.0026225561889533875,0.0026225561889533875,0.0026239922817331684,1.4360927797808787e-06
default_R2_0.56,0.3,0.6,0.004893785237053448,0.0026225561889533875,0.0026225561889533875,0.002623490041109716,9.338521563284109e-07
default_R2_0.56,0.3,0.7,0.004893785237053448,0.0026225561889533875,0.0026225561889533875,0.0026237730653223953,1.216876369007809e-06
default_R2_0.56,0.3,0.8,0.004893785237053448,0.0026225561889533875,0.0026225561889533875,0.0026247950116847344,2.2388227313469185e-06
default_R2_0.56,0.3,0.9,0.004893785237053448,0.0026225561889533875,0.0026225561889533875,0.002626501983519907,3.945794566519341e-06
default_R2_0.56,0.3,1.0,0.004893785237053448,0.0026225561889533875,0.0026225561889533875,0.002628838994786434,6.282805833046374e-06
default_R2_0.56,0.3,1.1,0.004893785237053448,0.0026225561889533875,0.0026225561889533875,0.002631752858069631,9.196669116243693e-06
default_R2_0.56,0.3,1.2,0.004893785237053448,0.0026225561889533875,0.0026225561889533875,0.002635193450286698,1.2637261333310699e-05
default_R2_0.56,0.3,1.3,0.004893785237053448,0.0026225561889533875,0.0026225561889533875,0.002639114193315758,1.655800436237056e-05
default_R2_0.56,0.3,1.4,0.004893785237053448,0.0026225561889533875,0.0026225561889533875,0.002643472142292775,2.091595333938729e-05
default_R2_0.56,0.3,1.5,0.004893785237053448,0.0026225561889533875,0.0026225561889533875,0.0026482278778348313,2.5671688881443756e-05
default_R2_0.56,0.3,1.6,0.004893785237053448,0.0026225561889533875,0.0026225561889533875,0.0026533453044440608,3.0789115490673265e-05
default_R2_0.56,0.3,1.7,0.004893785237053448,0.0026225561889533875,0.0026225561889533875,0.002658791409654017,3.623522070062956e-05
default_R2_0.56,0.3,1.8,0.004893785237053448,0.0026225561889533875,0.0026225561889533875,0.0026645360132241834,4.1979824270795864e-05
default_R2_0.56,0.3,1.9,0.004893785237053448,0.0026225561889533875,0.0026225561889533875,0.002670551521903703,4.799533295031565e-05
default_R2_0.56,0.3,2.0,0.004893785237053448,0.0026225561889533875,0.0026225561889533875,0.002676812697615085,5.425650866169732e-05
default_R2_0.56,0.3,2.1,0.004893785237053448,0.0026225561889533875,0.0026225561889533875,0.002683296442602194,6.0740253648806485e-05
default_R2_0.56,0.3,2.2,0.004893785237053448,0.0026225561889533875,0.0026225561889533875,0.0026899816026752705,6.7425413721883e-05
default_R2_0.56,0.3,2.3,0.004893785237053448,0.0026225561889533875,0.0026225561889533875,0.002696848788359475,7.429259940608737e-05
default_R2_0.56,0.3,2.4,0.004893785237053448,0.0026225561889533875,0.0026225561889533875,0.0027038802130547163,8.132402410132881e-05
default_R2_0.56,0.3,2.5,0.004893785237053448,0.0026225561889533875,0.0026225561889533875,0.002711059546979666,8.850335802627852e-05
default_R2_0.56,0.3,2.6,0.004893785237053448,0.0026225561889533875,0.0026225561889533875,0.0027183717855476077,9.581559659422017e-05
default_R2_0.56,0.3,2.7,0.004893785237053448,0.0026225561889533875,0.0026225561889533875,0.002725803130815048,0.00010324694186166069
default_R2_0.56,0.3,2.8,0.004893785237053448,0.0026225561889533875,0.0026225561889533875,0.00273334088470175,0.00011078469574836262
default_R2_0.56,0.3,2.9,0.004893785237053448,0.0026225561889533875,0.0026225561889533875,0.0027409733527710076,0.00011841716381762006
default_R2_0.56,0.3,3.0,0.004893785237053448,0.0026225561889533875,0.0026225561889533875,0.002748689757462625,0.00012613356850923758
default_R2_0.56,0.3,3.1,0.004893785237053448,0.0026225561889533875,0.0026225561889533875,0.0027564801597773987,0.00013392397082401123
default_R2_0.56,0.3,3.2,0.004893785237053448,0.0026225561889533875,0.0026225561889533875,0.0027643353885146733,0.00014177919956128576
default_R2_0.56,0.3,3.3,0.004893785237053448,0.0026225561889533875,0.0026225561889533875,0.0027722469762607787,0.00014969078730739122
default_R2_0.56,0.3,3.4,0.004893785237053448,0.0026225561889533875,0.0026225561889533875,0.00278020710141421,0.00015765091246082268
default_R2_0.56,0.3,3.5,0.004893785237053448,0.0026225561889533875,0.0026225561889533875,0.002788208535613026,0.00016565234665963857
default_R2_0.56,0.3,3.6,0.004893785237053448,0.0026225561889533875,0.0026225561889533875,0.0027962445960011905,0.00017368840704780298
default_R2_0.56,0.3,3.7,0.004893785237053448,0.0026225561889533875,0.0026225561889533875,0.002804309101834031,0.00018175291288064334
default_R2_0.56,0.3,3.8,0.004893785237053448,0.0026225561889533875,0.0026225561889533875,0.002812396334979156,0.00018984014602576845
default_R2_0.56,0.3,3.9,0.004893785237053448,0.0026225561889533875,0.0026225561889533875,0.002820501003918923,0.0001979448149655354
default_R2_0.56,0.3,4.0,0.004893785237053448,0.0026225561889533875,0.0026225561889533875,0.0028286182109043593,0.00020606202195097177
default_R2_0.56,0.3,4.1,0.004893785237053448,0.0026225561889533875,0.0026225561889533875,0.0028367434219491827,0.0002141872329957952
default_R2_0.56,0.3,4.2,0.004893785237053448,0.0026225561889533875,0.0026225561889533875,0.002844872439386645,0.00022231625043325765
default_R2_0.56,0.3,4.3,0.004893785237053448,0.0026225561889533875,0.0026225561889533875,0.0028530013767420473,0.00023044518778865975
default_R2_0.56,0.3,4.4,0.004893785237053448,0.0026225561889533875,0.0026225561889533875,0.002861126635700292,0.00023857044674690468
default_R2_0.56,0.3,4.5,0.004893785237053448,0.0026225561889533875,0.0026225561889533875,0.002869244884971332,0.00024668869601794435
default_R2_0.56,0.3,4.6,0.004893785237053448,0.0026225561889533875,0.0026225561889533875,0.002877353040877062,0.0002547968519236747
default_R2_0.56,0.3,4.7,0.004893785237053448,0.0026225561889533875,0.0026225561889533875,0.0028854482495015584,0.0002628920605481709
default_R2_0.56,0.3,4.8,0.004893785237053448,0.0026225561889533875,0.0026225561889533875,0.0028935278702628083,0.00027097168130942083
default_R2_0.56,0.3,4.9,0.004893785237053448,0.0026225561889533875,0.0026225561889533875,0.0029015894607784904,0.00027903327182510294
default_R2_0.56,0.3,5.0,0.004893785237053448,0.0026225561889533875,0.0026225561889533875,0.0029096307629111395,0.000287074573957752
default_R2_0.56,0.35,0.1,0.007157263583912616,0.002481043108869622,0.002481043108869622,0.0025443724631193636,6.332935424974151e-05
default_R2_0.56,0.35,0.2,0.007157263583912616,0.002481043108869622,0.002481043108869622,0.0025809774763814507,9.993436751182857e-05
default_R2_0.56,0.35,0.3,0.007157263583912616,0.002481043108869622,0.002481043108869622,0.0026095799090100798,0.00012853680014045764
default_R2_0.56,0.35,0.4,0.007157263583912616,0.002481043108869622,0.002481043108869622,0.0026343846048721615,0.00015334149600253937
default_R2_0.56,0.35,0.5,0.007157263583912616,0.002481043108869622,0.002481043108869622,0.002657098043293797,0.0001760549344241749
default_R2_0.56,0.35,0.6,0.007157263583912616,0.002481043108869622,0.002481043108869622,0.0026785744392579082,0.0001975313303882861
default_R2_0.56,0.35,0.7,0.007157263583912616,0.002481043108869622,0.002481043108869622,0.0026992920851692296,0.00021824897629960744
default_R2_0.56,0.35,0.8,0.007157263583912616,0.002481043108869622,0.002481043108869622,0.0027195372307720687,0.0002384941219024466
default_R2_0.56,0.35,0.9,0.007157263583912616,0.002481043108869622,0.002481043108869622,0.002739488241268438,0.0002584451323988158
default_R2_0.56,0.35,1.0,0.007157263583912616,0.002481043108869622,0.002481043108869622,0.0027592587821010975,0.0002782156732314754
default_R2_0.56,0.35,1.1,0.007157263583912616,0.002481043108869622,0.002481043108869622,0.0027789218728246014,0.00029787876395497926
default_R2_0.56,0.35,1.2,0.007157263583912616,0.002481043108869622,0.002481043108869622,0.0027985241299873236,0.00031748102111770144
default_R2_0.56,0.35,1.3,0.007157263583912616,0.002481043108869622,0.002481043108869622,0.002818094604586569,0.00033705149571694676
default_R2_0.56,0.35,1.4,0.007157263583912616,0.002481043108869622,0.002481043108869622,0.0028376504688803067,0.00035660736001068456
default_R2_0.56,0.35,1.5,0.007157263583912616,0.002481043108869622,0.002481043108869622,0.0028572007821292445,0.0003761576732596223
default_R2_0.56,0.35,1.6,0.007157263583912616,0.002481043108869622,0.002481043108869622,0.0028767490413109894,0.0003957059324413673
default_R2_0.56,0.35,1.7,0.007157263583912616,0.002481043108869622,0.002481043108869622,0.0028962949399019846,0.00041525183103236244
default_R2_0.56,0.35,1.8,0.007157263583912616,0.002481043108869622,0.002481043108869622,0.002915835597476936,0.0004347924886073137
default_R2_0.56,0.35,1.9,0.007157263583912616,0.002481043108869622,0.002481043108869622,0.00293536642828723,0.0004543233194176078
default_R2_0.56,0.35,2.0,0.007157263583912616,0.002481043108869622,0.002481043108869622,0.0029548817592364315,0.0004738386503668093
default_R2_0.56,0.35,2.1,0.007157263583912616,0.002481043108869622,0.002481043108869622,0.0029743752713642124,0.0004933321624945902
default_R2_0.56,0.35,2.2,0.007157263583912616,0.002481043108869622,0.002481043108869622,0.002993840315530037,0.0005127972066604151
default_R2_0.56,0.35,2.3,0.007157263583912616,0.002481043108869622,0.002481043108869622,0.003013270137539505,0.000532227028669883
default_R2_0.56,0.35,2.4,0.007157263583912616,0.002481043108869622,0.002481043108869622,0.003032658037564775,0.0005516149286951526
default_R2_0.56,0.35,2.5,0.007157263583912616,0.002481043108869622,0.002481043108869622,0.0030519974815990435,0.0005709543727294214
default_R2_0.56,0.35,2.6,0.007157263583912616,0.002481043108869622,0.002481043108869622,0.0030712821777436595,0.0005902390688740373
default_R2_0.56,0.35,2.7,0.007157263583912616,0.002481043108869622,0.002481043108869622,0.003090506126646262,0.0006094630177766397
default_R2_0.56,0.35,2.8,0.007157263583912616,0.002481043108869622,0.002481043108869622,0.0031096636529277036,0.0006286205440580814
default_R2_0.56,0.35,2.9,0.007157263583912616,0.002481043108869622,0.002481043108869622,0.003128749422648428,0.000647706313778806
default_R2_0.56,0.35,3.0,0.007157263583912616,0.002481043108869622,0.002481043108869622,0.0031477584505652427,0.0006667153416956206
default_R2_0.56,0.35,3.1,0.007157263583912616,0.002481043108869622,0.002481043108869622,0.0031666860999762124,0.0006856429911065902
default_R2_0.56,0.35,3.2,0.007157263583912616,0.002481043108869622,0.002481043108869622,0.003185528077247034,0.0007044849683774117
default_R2_0.56,0.35,3.3,0.007157263583912616,0.002481043108869622,0.002481043108869622,0.0032042804225884047,0.0007232373137187826
default_R2_0.56,0.35,3.4,0.007157263583912616,0.002481043108869622,0.002481043108869622,0.0032229394982620408,0.0007418963893924186
default_R2_0.56,0.35,3.5,0.007157263583912616,0.002481043108869622,0.002481043108869622,0.003241501975098424,0.0007604588662288017
default_R2_0.56,0.35,3.6,0.007157263583912616,0.002481043108869622,0.002481043108869622,0.0032599648179870177,0.0007789217091173956
default_R2_0.56,0.35,3.7,0.007157263583912616,0.002481043108869622,0.002481043108869622,0.0032783252708312913,0.0007972821619616692
default_R2_0.56,0.35,3.8,0.007157263583912616,0.002481043108869622,0.002481043108869622,0.0032965808413329754,0.0008155377324633533
default_R2_0.56,0.35,3.9,0.007157263583912616,0.002481043108869622,0.002481043108869622,0.0033147292858727103,0.0008336861770030881
default_R2_0.56,0.35,4.0,0.007157263583912616,0.002481043108869622,0.002481043108869622,0.0033327685946801314,0.0008517254858105092
default_R2_0.56,0.35,4.1,0.007157263583912616,0.002481043108869622,0.002481043108869622,0.0033506969774300226,0.0008696538685604004
default_R2_0.56,0.35,4.2,0.007157263583912616,0.002481043108869622,0.002481043108869622,0.0033685128493582436,0.0008874697404886215
default_R2_0.56,0.35,4.3,0.007157263583912616,0.002481043108869622,0.002481043108869622,0.0033862148179585553,0.0009051717090889332
default_R2_0.56,0.35,4.4,0.007157263583912616,0.002481043108869622,0.002481043108869622,0.003403801670296817,0.0009227585614271947
default_R2_0.56,0.35,4.5,0.007157263583912616,0.002481043108869622,0.002481043108869622,0.003421272360960532,0.0009402292520909097
default_R2_0.56,0.35,4.6,0.007157263583912616,0.002481043108869622,0.002481043108869622,0.0034386260006478604,0.0009575828917782383
default_R2_0.56,0.35,4.7,0.007157263583912616,0.002481043108869622,0.002481043108869622,0.003455861845390056,0.0009748187365204337
default_R2_0.56,0.35,4.8,0.007157263583912616,0.002481043108869622,0.002481043108869622,0.0034729792863938567,0.0009919361775242346
default_R2_0.56,0.35,4.9,0.007157263583912616,0.002481043108869622,0.002481043108869622,0.0034899778404851437,0.0010089347316155216
default_R2_0.56,0.35,5.0,0.007157263583912616,0.002481043108869622,0.002481043108869622,0.003506857141131541,0.0010258140322619187
default_R2_0.56,0.4,0.1,0.010493455487127122,0.002699866374240493,0.002699866374240493,0.00277485177394752,7.498539970702666e-05
default_R2_0.56,0.4,0.2,0.010493455487127122,0.002699866374240493,0.002699866374240493,0.002829905927225502,0.00013003955298500867
default_R2_0.56,0.4,0.3,0.010493455487127122,0.002699866374240493,0.002699866374240493,0.002876544819210747,0.00017667844497025378
default_R2_0.56,0.4,0.4,0.010493455487127122,0.002699866374240493,0.002699866374240493,0.0029182088907167055,0.00021834251647621233
default_R2_0.56,0.4,0.5,0.010493455487127122,0.002699866374240493,0.002699866374240493,0.002956604556213358,0.000256738181972865
default_R2_0.56,0.4,0.6,0.010493455487127122,0.002699866374240493,0.002699866374240493,0.002992725019589418,0.0002928586453489249
default_R2_0.56,0.4,0.7,0.010493455487127122,0.002699866374240493,0.002699866374240493,0.0030271985046169446,0.00032733213037645145
default_R2_0.56,0.4,0.8,0.010493455487127122,0.002699866374240493,0.002699866374240493,0.00306044373700879,0.0003605773627682967
default_R2_0.56,0.4,0.9,0.010493455487127122,0.002699866374240493,0.002699866374240493,0.0030927501651593836,0.0003928837909188904
default_R2_0.56,0.4,1.0,0.010493455487127122,0.002699866374240493,0.002699866374240493,0.003124323312339567,0.0004244569380990738
default_R2_0.56,0.4,1.1,0.010493455487127122,0.002699866374240493,0.002699866374240493,0.0031553121143177635,0.00045544574007727037
default_R2_0.56,0.4,1.2,0.010493455487127122,0.002699866374240493,0.002699866374240493,0.0031858262099433423,0.00048595983570284915
default_R2_0.56,0.4,1.3,0.010493455487127122,0.002699866374240493,0.002699866374240493,0.003215947297390134,0.0005160809231496409
default_R2_0.56,0.4,1.4,0.010493455487127122,0.002699866374240493,0.002699866374240493,0.0032457368236974826,0.0005458704494569894
default_R2_0.56,0.4,1.5,0.010493455487127122,0.002699866374240493,0.002699866374240493,0.003275241324388957,0.0005753749501484638
default_R2_0.56,0.4,1.6,0.010493455487127122,0.002699866374240493,0.002699866374240493,0.003304496210636199,0.0006046298363957059
default_R2_0.56,0.4,1.7,0.010493455487127122,0.002699866374240493,0.002699866374240493,0.0033335285041266012,0.0006336621298861081
default_R2_0.56,0.4,1.8,0.010493455487127122,0.002699866374240493,0.002699866374240493,0.0033623588427727355,0.0006624924685322423
default_R2_0.56,0.4,1.9,0.010493455487127122,0.002699866374240493,0.002699866374240493,0.0033910029714324247,0.0006911365971919315
default_R2_0.56,0.4,2.0,0.010493455487127122,0.002699866374240493,0.002699866374240493,0.003419472862776983,0.0007196064885364897
default_R2_0.56,0.4,2.1,0.010493455487127122,0.002699866374240493,0.002699866374240493,0.003447777568605135,0.000747911194364642
default_R2_0.56,0.4,2.2,0.010493455487127122,0.002699866374240493,0.002699866374240493,0.003475923872123916,0.000776057497883423
default_R2_0.56,0.4,2.3,0.010493455487127122,0.002699866374240493,0.002699866374240493,0.0035039167915533083,0.0008040504173128151
default_R2_0.56,0.4,2.4,0.010493455487127122,0.002699866374240493,0.002699866374240493,0.003531759971514021,0.0008318935972735277
default_R2_0.56,0.4,2.5,0.010493455487127122,0.002699866374240493,0.002699866374240493,0.0035594559889274248,0.0008595896146869316
default_R2_0.56,0.4,2.6,0.010493455487127122,0.002699866374240493,0.002699866374240493,0.003587006593245602,0.000887140219005109
default_R2_0.56,0.4,2.7,0.010493455487127122,0.002699866374240493,0.002699866374240493,0.003614412895856794,0.000914546521616301
default_R2_0.56,0.4,2.8,0.010493455487127122,0.002699866374240493,0.002699866374240493,0.0036416755198908097,0.0009418091456503165
default_R2_0.56,0.4,2.9,0.010493455487127122,0.002699866374240493,0.002699866374240493,0.003668794718983935,0.0009689283447434417
default_R2_0.56,0.4,3.0,0.010493455487127122,0.002699866374240493,0.002699866374240493,0.003695770471581603,0.0009959040973411097
default_R2_0.56,0.4,3.1,0.010493455487127122,0.002699866374240493,0.002699866374240493,0.003722602555870603,0.0010227361816301096
default_R2_0.56,0.4,3.2,0.010493455487127122,0.002699866374240493,0.002699866374240493,0.003749290609307788,0.0010494242350672948
default_R2_0.56,0.4,3.3,0.010493455487127122,0.002699866374240493,0.002699866374240493,0.003775834175854542,0.0010759678016140487
default_R2_0.56,0.4,3.4,0.010493455487127122,0.002699866374240493,0.002699866374240493,0.003802232743367324,0.0011023663691268307
default_R2_0.56,0.4,3.5,0.010493455487127122,0.002699866374240493,0.002699866374240493,0.003828485773085112,0.0011286193988446188
default_R2_0.56,0.4,3.6,0.010493455487127122,0.002699866374240493,0.002699866374240493,0.00385459272275803,0.001154726348517537
default_R2_0.56,0.4,3.7,0.010493455487127122,0.002699866374240493,0.002699866374240493,0.0038805530646511123,0.001180686690410619
default_R2_0.56,0.4,3.8,0.010493455487127122,0.002699866374240493,0.002699866374240493,0.0039063662994129255,0.0012064999251724324
default_R2_0.56,0.4,3.9,0.010493455487127122,0.002699866374240493,0.002699866374240493,0.003932031966605625,0.0012321655923651321
default_R2_0.56,0.4,4.0,0.010493455487127122,0.002699866374240493,0.002699866374240493,0.003957549652539547,0.0012576832782990538
default_R2_0.56,0.4,4.1,0.010493455487127122,0.002699866374240493,0.002699866374240493,0.00398291899593294,0.0012830526216924465
default_R2_0.56,0.4,4.2,0.010493455487127122,0.002699866374240493,0.002699866374240493,0.0040081396918193336,0.0013082733175788404
default_R2_0.56,0.4,4.3,0.010493455487127122,0.002699866374240493,0.002699866374240493,0.0040332114940460975,0.0013333451198056043
default_R2_0.56,0.4,4.4,0.010493455487127122,0.002699866374240493,0.002699866374240493,0.0040581342166440436,0.0013582678424035504
default_R2_0.56,0.4,4.5,0.010493455487127122,0.002699866374240493,0.002699866374240493,0.004082907734296365,0.001383041360055872
default_R2_0.56,0.4,4.6,0.010493455487127122,0.002699866374240493,0.002699866374240493,0.004107531982093338,0.001407665607852845
default_R2_0.56,0.4,4.7,0.010493455487127122,0.002699866374240493,0.002699866374240493,0.004132006954725108,0.0014321405804846145
default_R2_0.56,0.4,4.8,0.010493455487127122,0.002699866374240493,0.002699866374240493,0.004156332705237061,0.0014564663309965678
default_R2_0.56,0.4,4.9,0.010493455487127122,0.002699866374240493,0.002699866374240493,0.004180509343449536,0.0014806429692090428
default_R2_0.56,0.4,5.0,0.010493455487127122,0.002699866374240493,0.002699866374240493,0.004204537034124945,0.0015046706598844514
default_R2_0.56,0.45,0.1,0.015475743943592218,0.002535795003256073,0.002535795003256073,0.002593627649025876,5.783264576980293e-05
default_R2_0.56,0.45,0.2,0.015475743943592218,0.002535795003256073,0.002535795003256073,0.0026473142184228467,0.00011151921516677375
default_R2_0.56,0.45,0.3,0.015475743943592218,0.002535795003256073,0.002535795003256073,0.002698453074542643,0.00016265807128656995
default_R2_0.56,0.45,0.4,0.015475743943592218,0.002535795003256073,0.002535795003256073,0.0027478463841283424,0.00021205138087226948
default_R2_0.56,0.45,0.5,0.015475743943592218,0.002535795003256073,0.002535795003256073,0.0027959632896858667,0.0002601682864297938
default_R2_0.56,0.45,0.6,0.015475743943592218,0.002535795003256073,0.002535795003256073,0.002843104178762644,0.00030730917550657105
default_R2_0.56,0.45,0.7,0.015475743943592218,0.002535795003256073,0.002535795003256073,0.0028894728235130665,0.00035367782025699356
default_R2_0.56,0.45,0.8,0.015475743943592218,0.002535795003256073,0.002535795003256073,0.0029352129570732,0.0003994179538171273
default_R2_0.56,0.45,0.9,0.015475743943592218,0.002535795003256073,0.002535795003256073,0.0029804287946206746,0.0004446337913646017
default_R2_0.56,0.45,1.0,0.015475743943592218,0.002535795003256073,0.002535795003256073,0.0030251974280647883,0.0004894024248087154
default_R2_0.56,0.45,1.1,0.015475743943592218,0.002535795003256073,0.002535795003256073,0.003069576737987053,0.0005337817347309801
default_R2_0.56,0.45,1.2,0.015475743943592218,0.002535795003256073,0.002535795003256073,0.0031136106633990373,0.0005778156601429644
default_R2_0.56,0.45,1.3,0.015475743943592218,0.002535795003256073,0.002535795003256073,0.003157332831021407,0.0006215378277653343
default_R2_0.56,0.45,1.4,0.015475743943592218,0.002535795003256073,0.002535795003256073,0.0032007691227750293,0.0006649741195189564
default_R2_0.56,0.45,1.5,0.015475743943592218,0.002535795003256073,0.002535795003256073,0.003243939532406317,0.000708144529150244
default_R2_0.56,0.45,1.6,0.015475743943592218,0.002535795003256073,0.002535795003256073,0.0032868595327151004,0.0007510645294590275
default_R2_0.56,0.45,1.7,0.015475743943592218,0.002535795003256073,0.002535795003256073,0.0033295410978850014,0.0007937460946289285
default_R2_0.56,0.45,1.8,0.015475743943592218,0.002535795003256073,0.002535795003256073,0.0033719934778826963,0.0008361984746266234
default_R2_0.56,0.45,1.9,0.015475743943592218,0.002535795003256073,0.002535795003256073,0.003414223791573481,0.000878428788317408
default_R2_0.56,0.45,2.0,0.015475743943592218,0.002535795003256073,0.002535795003256073,0.00345623748531786,0.0009204424820617872
default_R2_0.56,0.45,2.1,0.015475743943592218,0.002535795003256073,0.002535795003256073,0.0034980386904581674,0.0009622436872020945
default_R2_0.56,0.45,2.2,0.015475743943592218,0.002535795003256073,0.002535795003256073,0.0035396305039425017,0.0010038355006864287
default_R2_0.56,0.45,2.3,0.015475743943592218,0.002535795003256073,0.002535795003256073,0.0035810152099313907,0.0010452202066753178
default_R2_0.56,0.45,2.4,0.015475743943592218,0.002535795003256073,0.002535795003256073,0.003622194455685156,0.001086399452429083
default_R2_0.56,0.45,2.5,0.015475743943592218,0.002535795003256073,0.002535795003256073,0.0036631693917523194,0.0011273743884962465
default_R2_0.56,0.45,2.6,0.015475743943592218,0.002535795003256073,0.002535795003256073,0.0037039407840856148,0.0011681457808295419
default_R2_0.56,0.45,2.7,0.015475743943592218,0.002535795003256073,0.002535795003256073,0.003744509103943078,0.0012087141006870052
default_R2_0.56,0.45,2.8,0.015475743943592218,0.002535795003256073,0.002535795003256073,0.0037848746001101345,0.0012490795968540616
default_R2_0.56,0.45,2.9,0.015475743943592218,0.002535795003256073,0.002535795003256073,0.0038250373569815766,0.0012892423537255037
default_R2_0.56,0.45,3.0,0.015475743943592218,0.002535795003256073,0.002535795003256073,0.003864997341283387,0.0013292023380273143
default_R2_0.56,0.45,3.1,0.015475743943592218,0.002535795003256073,0.002535795003256073,0.0039047544396318464,0.0013689594363757735
default_R2_0.56,0.45,3.2,0.015475743943592218,0.002535795003256073,0.002535795003256073,0.003944308488676883,0.0014085134854208104
default_R2_0.56,0.45,3.3,0.015475743943592218,0.002535795003256073,0.002535795003256073,0.0039836592992257515,0.0014478642959696785
default_R2_0.56,0.45,3.4,0.015475743943592218,0.002535795003256073,0.002535795003256073,0.004022806675468092,0.0014870116722120194
default_R2_0.56,0.45,3.5,0.015475743943592218,0.002535795003256073,0.002535795003256073,0.004061750430206562,0.0015259554269504887
default_R2_0.56,0.45,3.6,0.015475743943592218,0.002535795003256073,0.002535795003256073,0.0041004903968251604,0.0015646953935690875
default_R2_0.56,0.45,3.7,0.015475743943592218,0.002535795003256073,0.002535795003256073,0.004139026438590319,0.0016032314353342462
default_R2_0.56,0.45,3.8,0.015475743943592218,0.002535795003256073,0.002535795003256073,0.004177358455769951,0.0016415634525138783
default_R2_0.56,0.45,3.9,0.015475743943592218,0.002535795003256073,0.002535795003256073,0.004215486390967276,0.001679691387711203
default_R2_0.56,0.45,4.0,0.015475743943592218,0.002535795003256073,0.002535795003256073,0.004253410232994846,0.0017176152297387727
default_R2_0.56,0.45,4.1,0.015475743943592218,0.002535795003256073,0.002535795003256073,0.004291130019556271,0.0017553350163001984
default_R2_0.56,0.45,4.2,0.015475743943592218,0.002535795003256073,0.002535795003256073,0.004328645838955959,0.0017928508356998864
default_R2_0.56,0.45,4.3,0.015475743943592218,0.002535795003256073,0.002535795003256073,0.0043659578310186915,0.0018301628277626186
default_R2_0.56,0.45,4.4,0.015475743943592218,0.002535795003256073,0.002535795003256073,0.004403066187369274,0.0018672711841132015
default_R2_0.56,0.45,4.5,0.015475743943592218,0.002535795003256073,0.002535795003256073,0.004439971151196568,0.0019041761479404954
default_R2_0.56,0.45,4.6,0.015475743943592218,0.002535795003256073,0.002535795003256073,0.004476673016604837,0.001940878013348764
default_R2_0.56,0.45,4.7,0.015475743943592218,0.002535795003256073,0.002535795003256073,0.004513172127637677,0.0019773771243816038
default_R2_0.56,0.45,4.8,0.015475743943592218,0.002535795003256073,0.002535795003256073,0.004549468877045203,0.00201367387378913
default_R2_0.56,0.45,4.9,0.015475743943592218,0.002535795003256073,0.002535795003256073,0.004585563704853008,0.0020497687015969355
default_R2_0.56,0.45,5.0,0.015475743943592218,0.002535795003256073,0.002535795003256073,0.004621457096781387,0.0020856620935253145
default_R2_0.56,0.5,0.1,0.023008890469484657,0.0027611946581165255,0.0027611946581165255,0.002814524281575914,5.332962345938868e-05
default_R2_0.56,0.5,0.2,0.023008890469484657,0.0027611946581165255,0.0027611946581165255,0.0028646507621852947,0.00010345610406876926
default_R2_0.56,0.5,0.3,0.023008890469484657,0.0027611946581165255,0.0027611946581165255,0.0029134813515609556,0.0001522866934444301
default_R2_0.56,0.5,0.4,0.023008890469484657,0.0027611946581165255,0.0027611946581165255,0.002961540146882054,0.0002003454887655287
default_R2_0.56,0.5,0.5,0.023008890469484657,0.0027611946581165255,0.0027611946581165255,0.003009078881189484,0.0002478842230729584
default_R2_0.56,0.5,0.6,0.023008890469484657,0.0027611946581165255,0.0027611946581165255,0.003056249400884539,0.00029505474276801365
default_R2_0.56,0.5,0.7,0.023008890469484657,0.0027611946581165255,0.0027611946581165255,0.0031031538007220798,0.0003419591426055543
default_R2_0.56,0.5,0.8,0.023008890469484657,0.0027611946581165255,0.0027611946581165255,0.0031498647429454357,0.0003886700848289102
default_R2_0.56,0.5,0.9,0.023008890469484657,0.0027611946581165255,0.0027611946581165255,0.0031964355797540964,0.0004352409216375709
default_R2_0.56,0.5,1.0,0.023008890469484657,0.0027611946581165255,0.0027611946581165255,0.003242906135310556,0.0004817114771940305
default_R2_0.56,0.5,1.1,0.023008890469484657,0.0027611946581165255,0.0027611946581165255,0.0032893063354614773,0.0005281116773449518
default_R2_0.56,0.5,1.2,0.023008890469484657,0.0027611946581165255,0.0027611946581165255,0.0033356586445008655,0.00057446398638434
default_R2_0.56,0.5,1.3,0.023008890469484657,0.0027611946581165255,0.0027611946581165255,0.0033819797829617746,0.0006207851248452492
default_R2_0.56,0.5,1.4,0.023008890469484657,0.0027611946581165255,0.0027611946581165255,0.0034282819833450187,0.0006670873252284932
default_R2_0.56,0.5,1.5,0.023008890469484657,0.0027611946581165255,0.0027611946581165255,0.0034745739336612034,0.0007133792755446779
default_R2_0.56,0.5,1.6,0.023008890469484657,0.0027611946581165255,0.0027611946581165255,0.0035208615015746465,0.000759666843458121
default_R2_0.56,0.5,1.7,0.023008890469484657,0.0027611946581165255,0.0027611946581165255,0.0035671482994519385,0.000805953641335413
default_R2_0.56,0.5,1.8,0.023008890469484657,0.0027611946581165255,0.0027611946581165255,0.0036134361311026585,0.000852241472986133
default_R2_0.56,0.5,1.9,0.023008890469484657,0.0027611946581165255,0.0027611946581165255,0.0036597253487271183,0.0008985306906105928
default_R2_0.56,0.5,2.0,0.023008890469484657,0.0027611946581165255,0.0027611946581165255,0.003706015140561642,0.0009448204824451167
default_R2_0.56,0.5,2.1,0.023008890469484657,0.0027611946581165255,0.0027611946581165255,0.003752303764287993,0.0009911091061714675
default_R2_0.56,0.5,2.2,0.023008890469484657,0.0027611946581165255,0.0027611946581165255,0.0037985887375016334,0.001037394079385108
default_R2_0.56,0.5,2.3,0.023008890469484657,0.0027611946581165255,0.0027611946581165255,0.0038448669938456206,0.001083672335729095
default_R2_0.56,0.5,2.4,0.023008890469484657,0.0027611946581165255,0.0027611946581165255,0.0038911350114609294,0.001129940353344404
default_R2_0.56,0.5,2.5,0.023008890469484657,0.0027611946581165255,0.0027611946581165255,0.003937388918954518,0.001176194260837993
default_R2_0.56,0.5,2.6,0.023008890469484657,0.0027611946581165255,0.0027611946581165255,0.00398362458299537,0.0012224299248788442
default_R2_0.56,0.5,2.7,0.023008890469484657,0.0027611946581165255,0.0027611946581165255,0.004029837680816038,0.0012686430226995123
default_R2_0.56,0.5,2.8,0.023008890469484657,0.0027611946581165255,0.0027611946581165255,0.004076023760254131,0.0013148291021376057
default_R2_0.56,0.5,2.9,0.023008890469484657,0.0027611946581165255,0.0027611946581165255,0.00412217828946618,0.0013609836313496545
default_R2_0.56,0.5,3.0,0.023008890469484657,0.0027611946581165255,0.0027611946581165255,0.004168296698050794,0.001407102039934269
default_R2_0.56,0.5,3.1,0.023008890469484657,0.0027611946581165255,0.0027611946581165255,0.004214374411003824,0.0014531797528872983
default_R2_0.56,0.5,3.2,0.023008890469484657,0.0027611946581165255,0.0027611946581165255,0.004260406876676661,0.001499212218560136
default_R2_0.56,0.5,3.3,0.023008890469484657,0.0027611946581165255,0.0027611946581165255,0.004306389589706174,0.001545194931589649
default_R2_0.56,0.5,3.4,0.023008890469484657,0.0027611946581165255,0.0027611946581165255,0.0043523181097204055,0.00159112345160388
default_R2_0.56,0.5,3.5,0.023008890469484657,0.0027611946581165255,0.0027611946581165255,0.004398188076490163,0.0016369934183736376
default_R2_0.56,0.5,3.6,0.023008890469484657,0.0027611946581165255,0.0027611946581165255,0.004443995222086933,0.0016828005639704076
default_R2_0.56,0.5,3.7,0.023008890469484657,0.0027611946581165255,0.0027611946581165255,0.004489735380517052,0.0017285407224005263
default_R2_0.56,0.5,3.8,0.023008890469484657,0.0027611946581165255,0.0027611946581165255,0.004535404495227457,0.0017742098371109315
default_R2_0.56,0.5,3.9,0.023008890469484657,0.0027611946581165255,0.0027611946581165255,0.0045809986248163065,0.001819803966699781
default_R2_0.56,0.5,4.0,0.023008890469484657,0.0027611946581165255,0.0027611946581165255,0.004626513947230072,0.0018653192891135463
default_R2_0.56,0.5,4.1,0.023008890469484657,0.0027611946581165255,0.0027611946581165255,0.00467194676268559,0.0019107521045690643
default_R2_0.56,0.5,4.2,0.023008890469484657,0.0027611946581165255,0.0027611946581165255,0.004717293495519319,0.0019560988374027937
default_R2_0.56,0.5,4.3,0.023008890469484657,0.0027611946581165255,0.0027611946581165255,0.004762550695135676,0.002001356037019151
default_R2_0.56,0.5,4.4,0.023008890469484657,0.0027611946581165255,0.0027611946581165255,0.004807715036200597,0.0020465203780840715
default_R2_0.56,0.5,4.5,0.023008890469484657,0.0027611946581165255,0.0027611946581165255,0.004852783318204889,0.0020915886600883634
default_R2_0.56,0.5,4.6,0.023008890469484657,0.0027611946581165255,0.0027611946581165255,0.004897752464503453,0.0021365578063869276
default_R2_0.56,0.5,4.7,0.023008890469484657,0.0027611946581165255,0.0027611946581165255,0.004942619520920983,0.0021814248628044576
default_R2_0.56,0.5,4.8,0.023008890469484657,0.0027611946581165255,0.0027611946581165255,0.004987381654001396,0.002226186995884871
default_R2_0.56,0.5,4.9,0.023008890469484657,0.0027611946581165255,0.0027611946581165255,0.005032036148967007,0.002270841490850482
default_R2_0.56,0.5,5.0,0.023008890469484657,0.0027611946581165255,0.0027611946581165255,0.005076580407443774,0.0023153857493272484
default_R2_0.56,0.55,0.1,0.03377854994572251,0.0026164427633962734,0.0026164427633962734,0.002648508681604508,3.2065918208234664e-05
default_R2_0.56,0.55,0.2,0.03377854994572251,0.0026164427633962734,0.0026164427633962734,0.002677220605668025,6.0777842271751616e-05
default_R2_0.56,0.55,0.3,0.03377854994572251,0.0026164427633962734,0.0026164427633962734,0.0027060599287339155,8.961716533764218e-05
default_R2_0.56,0.55,0.4,0.03377854994572251,0.0026164427633962734,0.0026164427633962734,0.002735501413838085,0.00011905865044181153
default_R2_0.56,0.55,0.5,0.03377854994572251,0.0026164427633962734,0.0026164427633962734,0.0027656808874047772,0.00014923812400850387
default_R2_0.56,0.55,0.6,0.03377854994572251,0.0026164427633962734,0.0026164427633962734,0.0027966440531122906,0.0001802012897160173
default_R2_0.56,0.55,0.7,0.03377854994572251,0.0026164427633962734,0.0026164427633962734,0.002828401815287296,0.00021195905189102257
default_R2_0.56,0.55,0.8,0.03377854994572251,0.0026164427633962734,0.0026164427633962734,0.002860948547037855,0.00024450578364158164
default_R2_0.56,0.55,0.9,0.03377854994572251,0.0026164427633962734,0.0026164427633962734,0.0028942697835335303,0.0002778270201372569
default_R2_0.56,0.55,1.0,0.03377854994572251,0.0026164427633962734,0.0026164427633962734,0.0029283460344762787,0.0003119032710800053
default_R2_0.56,0.55,1.1,0.03377854994572251,0.0026164427633962734,0.0026164427633962734,0.002963154896349288,0.0003467121329530148
default_R2_0.56,0.55,1.2,0.03377854994572251,0.0026164427633962734,0.0026164427633962734,0.0029986723162457067,0.0003822295528494333
default_R2_0.56,0.55,1.3,0.03377854994572251,0.0026164427633962734,0.0026164427633962734,0.00303487338917935,0.00041843062578307685
default_R2_0.56,0.55,1.4,0.03377854994572251,0.0026164427633962734,0.0026164427633962734,0.003071732879483199,0.0004552901160869258
default_R2_0.56,0.55,1.5,0.03377854994572251,0.0026164427633962734,0.0026164427633962734,0.003109225569794254,0.0004927828063979807
default_R2_0.56,0.55,1.6,0.03377854994572251,0.0026164427633962734,0.0026164427633962734,0.003147326497695607,0.0005308837342993338
default_R2_0.56,0.55,1.7,0.03377854994572251,0.0026164427633962734,0.0026164427633962734,0.003186011116774628,0.0005695683533783547
default_R2_0.56,0.55,1.8,0.03377854994572251,0.0026164427633962734,0.0026164427633962734,0.0032252554055617064,0.000608812642165433
default_R2_0.56,0.55,1.9,0.03377854994572251,0.0026164427633962734,0.0026164427633962734,0.003265035939845792,0.0006485931764495185
default_R2_0.56,0.55,2.0,0.03377854994572251,0.0026164427633962734,0.0026164427633962734,0.0033053299388871977,0.0006888871754909243
default_R2_0.56,0.55,2.1,0.03377854994572251,0.0026164427633962734,0.0026164427633962734,0.003346115292833204,0.0007296725294369307
default_R2_0.56,0.55,2.2,0.03377854994572251,0.0026164427633962734,0.0026164427633962734,0.0033873705765048593,0.0007709278131085859
default_R2_0.56,0.55,2.3,0.03377854994572251,0.0026164427633962734,0.0026164427633962734,0.0034290750532681353,0.000812632289871862
default_R2_0.56,0.55,2.4,0.03377854994572251,0.0026164427633962734,0.0026164427633962734,0.0034712086716913657,0.0008547659082950923
default_R2_0.56,0.55,2.5,0.03377854994572251,0.0026164427633962734,0.0026164427633962734,0.003513752056975796,0.0008973092935795225
default_R2_0.56,0.55,2.6,0.03377854994572251,0.0026164427633962734,0.0026164427633962734,0.003556686498632836,0.0009402437352365625
default_R2_0.56,0.55,2.7,0.03377854994572251,0.0026164427633962734,0.0026164427633962734,0.003599993935508365,0.0009835511721120915
default_R2_0.56,0.55,2.8,0.03377854994572251,0.0026164427633962734,0.0026164427633962734,0.0036436569389800316,0.0010272141755837583
default_R2_0.56,0.55,2.9,0.03377854994572251,0.0026164427633962734,0.0026164427633962734,0.0036876586949496797,0.0010712159315534064
default_R2_0.56,0.55,3.0,0.03377854994572251,0.0026164427633962734,0.0026164427633962734,0.0037319829851004574,0.001115540221704184
default_R2_0.56,0.55,3.1,0.03377854994572251,0.0026164427633962734,0.0026164427633962734,0.0037766141677730274,0.001160171404376754
default_R2_0.56,0.55,3.2,0.03377854994572251,0.0026164427633962734,0.0026164427633962734,0.0038215371587279412,0.0012050943953316679
default_R2_0.56,0.55,3.3,0.03377854994572251,0.0026164427633962734,0.0026164427633962734,0.003866737411994524,0.0012502946485982505
default_R2_0.56,0.55,3.4,0.03377854994572251,0.0026164427633962734,0.0026164427633962734,0.0039122009009555335,0.0012957581375592601
default_R2_0.56,0.55,3.5,0.03377854994572251,0.0026164427633962734,0.0026164427633962734,0.00395791409977753,0.0013414713363812565
default_R2_0.56,0.55,3.6,0.03377854994572251,0.0026164427633962734,0.0026164427633962734,0.004003863965266597,0.001387421201870324
default_R2_0.56,0.55,3.7,0.03377854994572251,0.0026164427633962734,0.0026164427633962734,0.004050037919205616,0.001433595155809343
default_R2_0.56,0.55,3.8,0.03377854994572251,0.0026164427633962734,0.0026164427633962734,0.0040964238312112345,0.0014799810678149611
default_R2_0.56,0.55,3.9,0.03377854994572251,0.0026164427633962734,0.0026164427633962734,0.004143010002134691,0.0015265672387384174
default_R2_0.56,0.55,4.0,0.03377854994572251,0.0026164427633962734,0.0026164427633962734,0.004189785148019854,0.0015733423846235805
default_R2_0.56,0.55,4.1,0.03377854994572251,0.0026164427633962734,0.0026164427633962734,0.004236738384623619,0.0016202956212273455
default_R2_0.56,0.55,4.2,0.03377854994572251,0.0026164427633962734,0.0026164427633962734,0.00428385921249742,0.0016674164491011466
default_R2_0.56,0.55,4.3,0.03377854994572251,0.0026164427633962734,0.0026164427633962734,0.00433113750262386,0.0017146947392275864
default_R2_0.56,0.55,4.4,0.03377854994572251,0.0026164427633962734,0.0026164427633962734,0.004378563482598854,0.001762120719202581
default_R2_0.56,0.55,4.5,0.03377854994572251,0.0026164427633962734,0.0026164427633962734,0.004426127723347029,0.0018096849599507558
default_R2_0.56,0.55,4.6,0.03377854994572251,0.0026164427633962734,0.0026164427633962734,0.004473821126356212,0.0018573783629599388
default_R2_0.56,0.55,4.7,0.03377854994572251,0.0026164427633962734,0.0026164427633962734,0.004521634911415506,0.0019051921480192323
default_R2_0.56,0.55,4.8,0.03377854994572251,0.0026164427633962734,0.0026164427633962734,0.004569560604840577,0.0019531178414443039
default_R2_0.56,0.55,4.9,0.03377854994572251,0.0026164427633962734,0.0026164427633962734,0.004617590028169277,0.002001147264773004
default_R2_0.56,0.55,5.0,0.03377854994572251,0.0026164427633962734,0.0026164427633962734,0.004665715287310439,0.002049272523914166
default_R2_0.56,0.6,0.1,0.05102880646992101,0.0024397967255871756,0.0024397967255871756,0.0024526024080232097,1.280568243603418e-05
default_R2_0.56,0.6,0.2,0.05102880646992101,0.0024397967255871756,0.0024397967255871756,0.0024666192843797283,2.6822558792552725e-05
default_R2_0.56,0.6,0.3,0.05102880646992101,0.0024397967255871756,0.0024397967255871756,0.002481811198415897,4.201447282872143e-05
default_R2_0.56,0.6,0.4,0.05102880646992101,0.0024397967255871756,0.0024397967255871756,0.002498143354660785,5.834662907360953e-05
default_R2_0.56,0.6,0.5,0.05102880646992101,0.0024397967255871756,0.0024397967255871756,0.002515582232324464,7.57855067372885e-05
default_R2_0.56,0.6,0.6,0.05102880646992101,0.0024397967255871756,0.0024397967255871756,0.0025340955085535314,9.429878296635585e-05
default_R2_0.56,0.6,0.7,0.05102880646992101,0.0024397967255871756,0.0024397967255871756,0.0025536519896059494,0.0001138552640187738
default_R2_0.56,0.6,0.8,0.05102880646992101,0.0024397967255871756,0.0024397967255871756,0.0025742215487798135,0.00013442482319263793
default_R2_0.56,0.6,0.9,0.05102880646992101,0.0024397967255871756,0.0024397967255871756,0.002595775070137659,0.0001559783445504834
default_R2_0.56,0.6,1.0,0.05102880646992101,0.0024397967255871756,0.0024397967255871756,0.002618284397233738,0.00017848767164656233
default_R2_0.56,0.6,1.1,0.05102880646992101,0.0024397967255871756,0.0024397967255871756,0.002641722286185363,0.0002019255605981876
default_R2_0.56,0.6,1.2,0.05102880646992101,0.0024397967255871756,0.0024397967255871756,0.0026660623625375393,0.00022626563695036378
default_R2_0.56,0.6,1.3,0.05102880646992101,0.0024397967255871756,0.0024397967255871756,0.0026912790814581583,0.0002514823558709828
default_R2_0.56,0.6,1.4,0.05102880646992101,0.0024397967255871756,0.0024397967255871756,0.0027173476908729562,0.00027755096528578067
default_R2_0.56,0.6,1.5,0.05102880646992101,0.0024397967255871756,0.0024397967255871756,0.002744244197208582,0.00030444747162140665
default_R2_0.56,0.6,1.6,0.05102880646992101,0.0024397967255871756,0.0024397967255871756,0.002771945333460858,0.00033214860787368237
default_R2_0.56,0.6,1.7,0.05102880646992101,0.0024397967255871756,0.0024397967255871756,0.002800428529345787,0.00036063180375861146
default_R2_0.56,0.6,1.8,0.05102880646992101,0.0024397967255871756,0.0024397967255871756,0.002829671883324478,0.0003898751577373024
default_R2_0.56,0.6,1.9,0.05102880646992101,0.0024397967255871756,0.0024397967255871756,0.002859654136321357,0.0004198574107341815
default_R2_0.56,0.6,2.0,0.05102880646992101,0.0024397967255871756,0.0024397967255871756,0.002890354646978604,0.0004505579213914283
default_R2_0.56,0.6,2.1,0.05102880646992101,0.0024397967255871756,0.0024397967255871756,0.002921753368309751,0.00048195664272257565
default_R2_0.56,0.6,2.2,0.05102880646992101,0.0024397967255871756,0.0024397967255871756,0.002953830825632198,0.0005140341000450226
default_R2_0.56,0.6,2.3,0.05102880646992101,0.0024397967255871756,0.0024397967255871756,0.0029865680956727763,0.0005467713700856008
default_R2_0.56,0.6,2.4,0.05102880646992101,0.0024397967255871756,0.0024397967255871756,0.003019946786752733,0.0005801500611655576
default_R2_0.56,0.6,2.5,0.05102880646992101,0.0024397967255871756,0.0024397967255871756,0.003053949019968986,0.0006141522943818103
default_R2_0.56,0.6,2.6,0.05102880646992101,0.0024397967255871756,0.0024397967255871756,0.0030885574112975442,0.0006487606857103687
default_R2_0.56,0.6,2.7,0.05102880646992101,0.0024397967255871756,0.0024397967255871756,0.0031237550545527844,0.0006839583289656088
default_R2_0.56,0.6,2.8,0.05102880646992101,0.0024397967255871756,0.0024397967255871756,0.003159525505143004,0.0007197287795558285
default_R2_0.56,0.6,2.9,0.05102880646992101,0.0024397967255871756,0.0024397967255871756,0.003195852764568592,0.0007560560389814164
default_R2_0.56,0.6,3.0,0.05102880646992101,0.0024397967255871756,0.0024397967255871756,0.003232721265614251,0.0007929245400270755
default_R2_0.56,0.6,3.1,0.05102880646992101,0.0024397967255871756,0.0024397967255871756,0.003270115858191248,0.0008303191326040726
default_R2_0.56,0.6,3.2,0.05102880646992101,0.0024397967255871756,0.0024397967255871756,0.003308021795789577,0.0008682250702024014
default_R2_0.56,0.6,3.3,0.05102880646992101,0.0024397967255871756,0.0024397967255871756,0.003346424722503454,0.0009066279969162784
default_R2_0.56,0.6,3.4,0.05102880646992101,0.0024397967255871756,0.0024397967255871756,0.003385310660596641,0.0009455139350094655
default_R2_0.56,0.6,3.5,0.05102880646992101,0.0024397967255871756,0.0024397967255871756,0.0034246659985768305,0.000984869272989655
default_R2_0.56,0.6,3.6,0.05102880646992101,0.0024397967255871756,0.0024397967255871756,0.0034644774797507995,0.001024680754163624
default_R2_0.56,0.6,3.7,0.05102880646992101,0.0024397967255871756,0.0024397967255871756,0.003504732191234198,0.0010649354656470226
default_R2_0.56,0.6,3.8,0.05102880646992101,0.0024397967255871756,0.0024397967255871756,0.0035454175533918397,0.001105620827804664
default_R2_0.56,0.6,3.9,0.05102880646992101,0.0024397967255871756,0.0024397967255871756,0.003586521309686102,0.0011467245840989264
default_R2_0.56,0.6,4.0,0.05102880646992101,0.0024397967255871756,0.0024397967255871756,0.0036280315169126332,0.0011882347913254577
default_R2_0.56,0.6,4.1,0.05102880646992101,0.0024397967255871756,0.0024397967255871756,0.003669936535804049,0.0012301398102168735
default_R2_0.56,0.6,4.2,0.05102880646992101,0.0024397967255871756,0.0024397967255871756,0.003712225021983545,0.0012724282963963696
default_R2_0.56,0.6,4.3,0.05102880646992101,0.0024397967255871756,0.0024397967255871756,0.003754885917251606,0.0013150891916644306
default_R2_0.56,0.6,4.4,0.05102880646992101,0.0024397967255871756,0.0024397967255871756,0.003797908441190035,0.0013581117156028595
default_R2_0.56,0.6,4.5,0.05102880646992101,0.0024397967255871756,0.0024397967255871756,0.0038412820830685296,0.001401485357481354
default_R2_0.56,0.6,4.6,0.05102880646992101,0.0024397967255871756,0.0024397967255871756,0.0038849965940399604,0.0014451998684527848
default_R2_0.56,0.6,4.7,0.05102880646992101,0.0024397967255871756,0.0024397967255871756,0.003929041979611304,0.0014892452540241283
default_R2_0.56,0.6,4.8,0.05102880646992101,0.0024397967255871756,0.0024397967255871756,0.003973408492377986,0.0015336117667908104
default_R2_0.56,0.6,4.9,0.05102880646992101,0.0024397967255871756,0.0024397967255871756,0.004018086625010091,0.0015782898994229156
default_R2_0.56,0.6,5.0,0.05102880646992101,0.0024397967255871756,0.0024397967255871756,0.00406306710347952,0.0016232703778923446
default_R2_0.56,0.65,0.1,0.07716625986920286,0.002353339252692695,0.002353339252692695,0.0023601033972597556,6.764144567060395e-06
default_R2_0.56,0.65,0.2,0.07716625986920286,0.002353339252692695,0.002353339252692695,0.002367767486700705,1.4428234008009942e-05
default_R2_0.56,0.65,0.3,0.07716625986920286,0.002353339252692695,0.002353339252692695,0.0023763146214468237,2.2975368754128526e-05
default_R2_0.56,0.65,0.4,0.07716625986920286,0.002353339252692695,0.002353339252692695,0.0023857282816681803,3.238902897548506e-05
default_R2_0.56,0.65,0.5,0.07716625986920286,0.002353339252692695,0.002353339252692695,0.002395992314733858,4.265306204116271e-05
default_R2_0.56,0.65,0.6,0.07716625986920286,0.002353339252692695,0.002353339252692695,0.002407090923320963,5.375167062826765e-05
default_R2_0.56,0.65,0.7,0.07716625986920286,0.002353339252692695,0.002353339252692695,0.002419008654123466,6.566940143077097e-05
default_R2_0.56,0.65,0.8,0.07716625986920286,0.002353339252692695,0.002353339252692695,0.002431730387116641,7.839113442394564e-05
default_R2_0.56,0.65,0.9,0.07716625986920286,0.002353339252692695,0.002353339252692695,0.0024452413253370983,9.190207264440312e-05
default_R2_0.56,0.65,1.0,0.07716625986920286,0.002353339252692695,0.002353339252692695,0.002459526985142148,0.00010618773244945286
default_R2_0.56,0.65,1.1,0.07716625986920286,0.002353339252692695,0.002353339252692695,0.00247457318691556,0.00012123393422286497
default_R2_0.56,0.65,1.2,0.07716625986920286,0.002353339252692695,0.002353339252692695,0.002490366046189737,0.00013702679349704167
default_R2_0.56,0.65,1.3,0.07716625986920286,0.002353339252692695,0.002353339252692695,0.002506891965156974,0.00015355271246427892
default_R2_0.56,0.65,1.4,0.07716625986920286,0.002353339252692695,0.002353339252692695,0.0025241376245448634,0.0001707983718521682
default_R2_0.56,0.65,1.5,0.07716625986920286,0.002353339252692695,0.002353339252692695,0.0025420899758329626,0.0001887507231402674
default_R2_0.56,0.65,1.6,0.07716625986920286,0.002353339252692695,0.002353339252692695,0.002560736233789834,0.00020739698109713874
default_R2_0.56,0.65,1.7,0.07716625986920286,0.002353339252692695,0.002353339252692695,0.0025800638693111956,0.00022672461661850038
default_R2_0.56,0.65,1.8,0.07716625986920286,0.002353339252692695,0.002353339252692695,0.0026000606025415223,0.0002467213498488271
default_R2_0.56,0.65,1.9,0.07716625986920286,0.002353339252692695,0.002353339252692695,0.0026207143962627866,0.0002673751435700914
default_R2_0.56,0.65,2.0,0.07716625986920286,0.002353339252692695,0.002353339252692695,0.002642013449535325,0.0002886741968426299
default_R2_0.56,0.65,2.1,0.07716625986920286,0.002353339252692695,0.002353339252692695,0.002663946191576911,0.00031060693888421576
default_R2_0.56,0.65,2.2,0.07716625986920286,0.002353339252692695,0.002353339252692695,0.002686501275867194,0.0003331620231744989
default_R2_0.56,0.65,2.3,0.07716625986920286,0.002353339252692695,0.002353339252692695,0.002709667574465563,0.00035632832177286784
default_R2_0.56,0.65,2.4,0.07716625986920286,0.002353339252692695,0.002353339252692695,0.0027334341725313706,0.00038009491983867537
default_R2_0.56,0.65,2.5,0.07716625986920286,0.002353339252692695,0.002353339252692695,0.0027577903630362196,0.00040445111034352436
default_R2_0.56,0.65,2.6,0.07716625986920286,0.002353339252692695,0.002353339252692695,0.0027827256416587385,0.0004293863889660433
default_R2_0.56,0.65,2.7,0.07716625986920286,0.002353339252692695,0.002353339252692695,0.0028082297018528915,0.00045489044916019634
default_R2_0.56,0.65,2.8,0.07716625986920286,0.002353339252692695,0.002353339252692695,0.0028342924300814973,0.0004809531773888021
default_R2_0.56,0.65,2.9,0.07716625986920286,0.002353339252692695,0.002353339252692695,0.0028609039012071533,0.0005075646485144581
default_R2_0.56,0.65,3.0,0.07716625986920286,0.002353339252692695,0.002353339252692695,0.002888054374033265,0.0005347151213405698
default_R2_0.56,0.65,3.1,0.07716625986920286,0.002353339252692695,0.002353339252692695,0.0029157342869883473,0.0005623950342956521
default_R2_0.56,0.65,3.2,0.07716625986920286,0.002353339252692695,0.002353339252692695,0.002943934253947171,0.0005905950012544759
default_R2_0.56,0.65,3.3,0.07716625986920286,0.002353339252692695,0.002353339252692695,0.002972645060182744,0.0006193058074900489
default_R2_0.56,0.65,3.4,0.07716625986920286,0.002353339252692695,0.002353339252692695,0.0030018576584434436,0.0006485184057507484
default_R2_0.56,0.65,3.5,0.07716625986920286,0.002353339252692695,0.002353339252692695,0.0030315631651499767,0.0006782239124572815
default_R2_0.56,0.65,3.6,0.07716625986920286,0.002353339252692695,0.002353339252692695,0.003061752856707135,0.0007084136040144398
default_R2_0.56,0.65,3.7,0.07716625986920286,0.002353339252692695,0.002353339252692695,0.003092418165925609,0.000739078913232914
default_R2_0.56,0.65,3.8,0.07716625986920286,0.002353339252692695,0.002353339252692695,0.003123550678549377,0.0007702114258566818
default_R2_0.56,0.65,3.9,0.07716625986920286,0.002353339252692695,0.002353339252692695,0.003155142129884437,0.0008018028771917419
default_R2_0.56,0.65,4.0,0.07716625986920286,0.002353339252692695,0.002353339252692695,0.003187184401524888,0.0008338451488321928
default_R2_0.56,0.65,4.1,0.07716625986920286,0.002353339252692695,0.002353339252692695,0.003219669518172546,0.000866330265479851
default_R2_0.56,0.65,4.2,0.07716625986920286,0.002353339252692695,0.002353339252692695,0.0032525896445465452,0.00089925039185385
default_R2_0.56,0.65,4.3,0.07716625986920286,0.002353339252692695,0.002353339252692695,0.003285937082379447,0.0009325978296867519
default_R2_0.56,0.65,4.4,0.07716625986920286,0.002353339252692695,0.002353339252692695,0.0033197042674967025,0.0009663650148040073
default_R2_0.56,0.65,4.5,0.07716625986920286,0.002353339252692695,0.002353339252692695,0.003353883766976323,0.0010005445142836277
default_R2_0.56,0.65,4.6,0.07716625986920286,0.002353339252692695,0.002353339252692695,0.0033884682763858824,0.0010351290236931873
default_R2_0.56,0.65,4.7,0.07716625986920286,0.002353339252692695,0.002353339252692695,0.0034234506170940384,0.0010701113644013432
default_R2_0.56,0.65,4.8,0.07716625986920286,0.002353339252692695,0.002353339252692695,0.0034588237336539507,0.0011054844809612555
default_R2_0.56,0.65,4.9,0.07716625986920286,0.002353339252692695,0.002353339252692695,0.003494580691256042,0.001141241438563347
default_R2_0.56,0.65,5.0,0.07716625986920286,0.002353339252692695,0.002353339252692695,0.0035307146732477257,0.0011773754205550305
default_R2_0.56,0.7,0.1,0.12216863283707509,0.0026970664509305617,0.0026970664509305617,0.002704341289111029,7.2748381804671296e-06
default_R2_0.56,0.7,0.2,0.12216863283707509,0.0026970664509305617,0.0026970664509305617,0.0027122148820952364,1.5148431164674694e-05
default_R2_0.56,0.7,0.3,0.12216863283707509,0.0026970664509305617,0.0026970664509305617,0.0027206805002001917,2.361404926962997e-05
default_R2_0.56,0.7,0.4,0.12216863283707509,0.0026970664509305617,0.0026970664509305617,0.002729731494739518,3.266504380895633e-05
default_R2_0.56,0.7,0.5,0.12216863283707509,0.0026970664509305617,0.0026970664509305617,0.00273936129684433,4.22948459137683e-05
default_R2_0.56,0.7,0.6,0.12216863283707509,0.0026970664509305617,0.0026970664509305617,0.0027495634163052225,5.249696537466082e-05
default_R2_0.56,0.7,0.7,0.12216863283707509,0.0026970664509305617,0.0026970664509305617,0.0027603314404348717,6.326498950431003e-05
default_R2_0.56,0.7,0.8,0.12216863283707509,0.0026970664509305617,0.0026970664509305617,0.0027716590329508405,7.459258202027882e-05
default_R2_0.56,0.7,0.9,0.12216863283707509,0.0026970664509305617,0.0026970664509305617,0.0027835399328781283,8.64734819475666e-05
default_R2_0.56,0.7,1.0,0.12216863283707509,0.0026970664509305617,0.0026970664509305617,0.0027959679534710433,9.890150254048165e-05
default_R2_0.56,0.7,1.1,0.12216863283707509,0.0026970664509305617,0.0026970664509305617,0.0028089369811539946,0.00011187053022343289
default_R2_0.56,0.7,1.2,0.12216863283707509,0.0026970664509305617,0.0026970664509305617,0.002822440974480785,0.00012537452355022329
default_R2_0.56,0.7,1.3,0.12216863283707509,0.0026970664509305617,0.0026970664509305617,0.0028364739631120263,0.0001394075121814646
default_R2_0.56,0.7,1.4,0.12216863283707509,0.0026970664509305617,0.0026970664509305617,0.0028510300468102853,0.00015396359587972362
default_R2_0.56,0.7,1.5,0.12216863283707509,0.0026970664509305617,0.0026970664509305617,0.0028661033944525835,0.0001690369435220218
default_R2_0.56,0.7,1.6,0.12216863283707509,0.0026970664509305617,0.0026970664509305617,0.002881688243059906,0.00018462179212934415
default_R2_0.56,0.7,1.7,0.12216863283707509,0.0026970664509305617,0.0026970664509305617,0.002897778896843334,0.00020071244591277244
default_R2_0.56,0.7,1.8,0.12216863283707509,0.0026970664509305617,0.0026970664509305617,0.0029143697262664814,0.00021730327533591972
default_R2_0.56,0.7,1.9,0.12216863283707509,0.0026970664509305617,0.0026970664509305617,0.002931455167123891,0.00023438871619332934
default_R2_0.56,0.7,2.0,0.12216863283707509,0.0026970664509305617,0.0026970664509305617,0.0029490297196350487,0.00025196326870448706
default_R2_0.56,0.7,2.1,0.12216863283707509,0.0026970664509305617,0.0026970664509305617,0.0029670879475537154,0.0002700214966231537
default_R2_0.56,0.7,2.2,0.12216863283707509,0.0026970664509305617,0.0026970664509305617,0.0029856244772922392,0.00028855802636167755
default_R2_0.56,0.7,2.3,0.12216863283707509,0.0026970664509305617,0.0026970664509305617,0.003004633997060574,0.0003075675461300122
default_R2_0.56,0.7,2.4,0.12216863283707509,0.0026970664509305617,0.0026970664509305617,0.003024111256019668,0.00032704480508910635
default_R2_0.56,0.7,2.5,0.12216863283707509,0.0026970664509305617,0.0026970664509305617,0.003044051063448966,0.0003469846125184043
default_R2_0.56,0.7,2.6,0.12216863283707509,0.0026970664509305617,0.0026970664509305617,0.003064448287927723,0.0003673818369971612
default_R2_0.56,0.7,2.7,0.12216863283707509,0.0026970664509305617,0.0026970664509305617,0.003085297856529846,0.00038823140559928436
default_R2_0.56,0.7,2.8,0.12216863283707509,0.0026970664509305617,0.0026970664509305617,0.0031065947540320237,0.00040952830310146205
default_R2_0.56,0.7,2.9,0.12216863283707509,0.0026970664509305617,0.0026970664509305617,0.0031283340221348404,0.0004312675712042787
default_R2_0.56,0.7,3.0,0.12216863283707509,0.0026970664509305617,0.0026970664509305617,0.003150510758696642,0.0004534443077660803
default_R2_0.56,0.7,3.1,0.12216863283707509,0.0026970664509305617,0.0026970664509305617,0.003173120116979905,0.00047605366604934344
default_R2_0.56,0.7,3.2,0.12216863283707509,0.0026970664509305617,0.0026970664509305617,0.0031961573049098368,0.0004990908539792751
default_R2_0.56,0.7,3.3,0.12216863283707509,0.0026970664509305617,0.0026970664509305617,0.0032196175843449996,0.0005225511334144379
default_R2_0.56,0.7,3.4,0.12216863283707509,0.0026970664509305617,0.0026970664509305617,0.003243496270359701,0.0005464298194291393
default_R2_0.56,0.7,3.5,0.12216863283707509,0.0026970664509305617,0.0026970664509305617,0.0032677887305379264,0.0005707222796073647
default_R2_0.56,0.7,3.6,0.12216863283707509,0.0026970664509305617,0.0026970664509305617,0.003292490384278602,0.0005954239333480402
default_R2_0.56,0.7,3.7,0.12216863283707509,0.0026970664509305617,0.0026970664509305617,0.0033175967021119492,0.0006205302511813875
default_R2_0.56,0.7,3.8,0.12216863283707509,0.0026970664509305617,0.0026970664509305617,0.0033431032050267387,0.000646036754096177
default_R2_0.56,0.7,3.9,0.12216863283707509,0.0026970664509305617,0.0026970664509305617,0.0033690054638082154,0.0006719390128776537
default_R2_0.56,0.7,4.0,0.12216863283707509,0.0026970664509305617,0.0026970664509305617,0.003395299098386505,0.0006982326474559435
default_R2_0.56,0.7,4.1,0.12216863283707509,0.0026970664509305617,0.0026970664509305617,0.0034219797771952967,0.000724913326264735
default_R2_0.56,0.7,4.2,0.12216863283707509,0.0026970664509305617,0.0026970664509305617,0.0034490432165406107,0.000751976765610049
default_R2_0.56,0.7,4.3,0.12216863283707509,0.0026970664509305617,0.0026970664509305617,0.0034764851799794507,0.000779418729048889
default_R2_0.56,0.7,4.4,0.12216863283707509,0.0026970664509305617,0.0026970664509305617,0.003504301477708168,0.0008072350267776065
default_R2_0.56,0.7,4.5,0.12216863283707509,0.0026970664509305617,0.0026970664509305617,0.0035324879659603464,0.0008354215150297847
default_R2_0.56,0.7,4.6,0.12216863283707509,0.0026970664509305617,0.0026970664509305617,0.0035610405464140396,0.0008639740954834779
default_R2_0.56,0.7,4.7,0.12216863283707509,0.0026970664509305617,0.0026970664509305617,0.0035899551656081705,0.0008928887146776089
default_R2_0.56,0.7,4.8,0.12216863283707509,0.0026970664509305617,0.0026970664509305617,0.0036192278143679342,0.0009221613634373725
default_R2_0.56,0.7,4.9,0.12216863283707509,0.0026970664509305617,0.0026970664509305617,0.003648854527239045,0.0009517880763084833
default_R2_0.56,0.7,5.0,0.12216863283707509,0.0026970664509305617,0.0026970664509305617,0.0036788313819306447,0.000981764931000083
default_R2_0.56,0.75,0.1,0.20317426781487358,0.002705404754023488,0.002705404754023488,0.0027125868906930054,7.182136669517392e-06
default_R2_0.56,0.75,0.2,0.20317426781487358,0.002705404754023488,0.002705404754023488,0.0027201419210971358,1.4737167073647795e-05
default_R2_0.56,0.75,0.3,0.20317426781487358,0.002705404754023488,0.002705404754023488,0.00272806738859573,2.266263457224209e-05
default_R2_0.56,0.75,0.4,0.20317426781487358,0.002705404754023488,0.002705404754023488,0.0027363608534141963,3.095609939070829e-05
default_R2_0.56,0.75,0.5,0.20317426781487358,0.002705404754023488,0.002705404754023488,0.002745019892507244,3.9615138483755936e-05
default_R2_0.56,0.75,0.6,0.20317426781487358,0.002705404754023488,0.002705404754023488,0.0027540420994239486,4.863734540046065e-05
default_R2_0.56,0.75,0.7,0.20317426781487358,0.002705404754023488,0.002705404754023488,0.002763425084174134,5.802033015064618e-05
default_R2_0.56,0.75,0.8,0.20317426781487358,0.002705404754023488,0.002705404754023488,0.002773166473096031,6.776171907254321e-05
default_R2_0.56,0.75,0.9,0.20317426781487358,0.002705404754023488,0.002705404754023488,0.0027832639087252307,7.785915470174274e-05
default_R2_0.56,0.75,1.0,0.20317426781487358,0.002705404754023488,0.002705404754023488,0.0027937150496648924,8.831029564140445e-05
default_R2_0.56,0.75,1.1,0.20317426781487358,0.002705404754023488,0.002705404754023488,0.0028045175704571996,9.91128164337116e-05
default_R2_0.56,0.75,1.2,0.20317426781487358,0.002705404754023488,0.002705404754023488,0.002815669161456051,0.00011026440743256306
default_R2_0.56,0.75,1.3,0.20317426781487358,0.002705404754023488,0.002705404754023488,0.002827167528700974,0.00012176277467748587
default_R2_0.56,0.75,1.4,0.20317426781487358,0.002705404754023488,0.002705404754023488,0.0028390103937922383,0.0001336056397687503
default_R2_0.56,0.75,1.5,0.20317426781487358,0.002705404754023488,0.002705404754023488,0.0028511954937671664,0.00014579073974367845
default_R2_0.56,0.75,1.6,0.20317426781487358,0.002705404754023488,0.002705404754023488,0.0028637205809776186,0.00015831582695413062
default_R2_0.56,0.75,1.7,0.20317426781487358,0.002705404754023488,0.002705404754023488,0.0028765834229686443,0.00017117866894515634
default_R2_0.56,0.75,1.8,0.20317426781487358,0.002705404754023488,0.002705404754023488,0.0028897818023582824,0.0001843770483347944
default_R2_0.56,0.75,1.9,0.20317426781487358,0.002705404754023488,0.002705404754023488,0.002903313516718505,0.00019790876269501706
default_R2_0.56,0.75,2.0,0.20317426781487358,0.002705404754023488,0.002705404754023488,0.0029171763784572786,0.00021177162443379062
default_R2_0.56,0.75,2.1,0.20317426781487358,0.002705404754023488,0.002705404754023488,0.002931368214701745,0.00022596346067825686
default_R2_0.56,0.75,2.2,0.20317426781487358,0.002705404754023488,0.002705404754023488,0.0029458868671824972,0.00024048211315900927
default_R2_0.56,0.75,2.3,0.20317426781487358,0.002705404754023488,0.002705404754023488,0.0029607301921189457,0.00025532543809545774
default_R2_0.56,0.75,2.4,0.20317426781487358,0.002705404754023488,0.002705404754023488,0.0029758960601057563,0.00027049130608226835
default_R2_0.56,0.75,2.5,0.20317426781487358,0.002705404754023488,0.002705404754023488,0.0029913823560003576,0.0002859776019768696
default_R2_0.56,0.75,2.6,0.20317426781487358,0.002705404754023488,0.002705404754023488,0.0030071869788114896,0.0003017822247880016
default_R2_0.56,0.75,2.7,0.20317426781487358,0.002705404754023488,0.002705404754023488,0.003023307841588806,0.00031790308756531787
default_R2_0.56,0.75,2.8,0.20317426781487358,0.002705404754023488,0.002705404754023488,0.0030397428713134856,0.0003343381172899976
default_R2_0.56,0.75,2.9,0.20317426781487358,0.002705404754023488,0.002705404754023488,0.0030564900087898792,0.00035108525476639126
default_R2_0.56,0.75,3.0,0.20317426781487358,0.002705404754023488,0.002705404754023488,0.0030735472085381484,0.0003681424545146604
default_R2_0.56,0.75,3.1,0.20317426781487358,0.002705404754023488,0.002705404754023488,0.003090912438687903,0.0003855076846644152
default_R2_0.56,0.75,3.2,0.20317426781487358,0.002705404754023488,0.002705404754023488,0.003108583680872823,0.0004031789268493348
default_R2_0.56,0.75,3.3,0.20317426781487358,0.002705404754023488,0.002705404754023488,0.0031265589301262453,0.00042115417610275735
default_R2_0.56,0.75,3.4,0.20317426781487358,0.002705404754023488,0.002705404754023488,0.003144836194777724,0.00043943144075423617
default_R2_0.56,0.75,3.5,0.20317426781487358,0.002705404754023488,0.002705404754023488,0.0031634134963505318,0.0004580087423270438
default_R2_0.56,0.75,3.6,0.20317426781487358,0.002705404754023488,0.002705404754023488,0.0031822888694601,0.000476884115436612
default_R2_0.56,0.75,3.7,0.20317426781487358,0.002705404754023488,0.002705404754023488,0.0032014603617134,0.0004960556076899119
default_R2_0.56,0.75,3.8,0.20317426781487358,0.002705404754023488,0.002705404754023488,0.0032209260336092324,0.0005155212795857444
default_R2_0.56,0.75,3.9,0.20317426781487358,0.002705404754023488,0.002705404754023488,0.0032406839584394323,0.0005352792044159443
default_R2_0.56,0.75,4.0,0.20317426781487358,0.002705404754023488,0.002705404754023488,0.003260732222190979,0.0005553274681674909
default_R2_0.56,0.75,4.1,0.20317426781487358,0.002705404754023488,0.002705404754023488,0.0032810689234489794,0.0005756641694254915
default_R2_0.56,0.75,4.2,0.20317426781487358,0.002705404754023488,0.002705404754023488,0.0033016921733005486,0.0005962874192770606
default_R2_0.56,0.75,4.3,0.20317426781487358,0.002705404754023488,0.002705404754023488,0.003322600095239561,0.0006171953412160728
default_R2_0.56,0.75,4.4,0.20317426781487358,0.002705404754023488,0.002705404754023488,0.0033437908250722463,0.0006383860710487584
default_R2_0.56,0.75,4.5,0.20317426781487358,0.002705404754023488,0.002705404754023488,0.0033652625108236576,0.0006598577568001696
default_R2_0.56,0.75,4.6,0.20317426781487358,0.002705404754023488,0.002705404754023488,0.0033870133126449706,0.0006816085586214826
default_R2_0.56,0.75,4.7,0.20317426781487358,0.002705404754023488,0.002705404754023488,0.0034090414027216215,0.0007036366486981335
default_R2_0.56,0.75,4.8,0.20317426781487358,0.002705404754023488,0.002705404754023488,0.0034313449651822694,0.0007259402111587814
default_R2_0.56,0.75,4.9,0.20317426781487358,0.002705404754023488,0.002705404754023488,0.0034539221960085725,0.0007485174419850846
default_R2_0.56,0.75,5.0,0.20317426781487358,0.002705404754023488,0.002705404754023488,0.0034767713029457753,0.0007713665489222873
default_R2_0.56,0.8,0.1,0.3559499325155828,0.002725182174047305,0.002725182174047305,0.0027264586462541827,1.2764722068779079e-06
default_R2_0.56,0.8,0.2,0.3559499325155828,0.002725182174047305,0.002725182174047305,0.002727952973240545,2.7707991932402615e-06
default_R2_0.56,0.8,0.3,0.3559499325155828,0.002725182174047305,0.002725182174047305,0.002729664394661655,4.482220614350236e-06
default_R2_0.56,0.8,0.4,0.3559499325155828,0.002725182174047305,0.002725182174047305,0.002731592152888572,6.409978841267344e-06
default_R2_0.56,0.8,0.5,0.3559499325155828,0.002725182174047305,0.002725182174047305,0.002733735492997081,8.553318949775998e-06
default_R2_0.56,0.8,0.6,0.3559499325155828,0.002725182174047305,0.002725182174047305,0.00273609366275669,1.0911488709385193e-05
default_R2_0.56,0.8,0.7,0.3559499325155828,0.002725182174047305,0.002725182174047305,0.00273866591261967,1.3483738572365057e-05
default_R2_0.56,0.8,0.8,0.3559499325155828,0.002725182174047305,0.002725182174047305,0.002741451495710143,1.6269321662838038e-05
default_R2_0.56,0.8,0.9,0.3559499325155828,0.002725182174047305,0.002725182174047305,0.0027444496678132326,1.926749376592778e-05
default_R2_0.56,0.8,1.0,0.3559499325155828,0.002725182174047305,0.002725182174047305,0.0027476596873642583,2.2477513316953527e-05
default_R2_0.56,0.8,1.1,0.3559499325155828,0.002725182174047305,0.002725182174047305,0.002751080815437978,2.5898641390673105e-05
default_R2_0.56,0.8,1.2,0.3559499325155828,0.002725182174047305,0.002725182174047305,0.002754712315737888,2.9530141690583146e-05
default_R2_0.56,0.8,1.3,0.3559499325155828,0.002725182174047305,0.002725182174047305,0.0027585534545855675,3.337128053826268e-05
default_R2_0.56,0.8,1.4,0.3559499325155828,0.002725182174047305,0.002725182174047305,0.00276260350091008,3.742132686277528e-05
default_R2_0.56,0.8,1.5,0.3559499325155828,0.002725182174047305,0.002725182174047305,0.002766861726237414,4.167955219010937e-05
default_R2_0.56,0.8,1.6,0.3559499325155828,0.002725182174047305,0.002725182174047305,0.0027713274046799836,4.6145230632678794e-05
default_R2_0.56,0.8,1.7,0.3559499325155828,0.002725182174047305,0.002725182174047305,0.002775999812926168,5.081763887886332e-05
default_R2_0.56,0.8,1.8,0.3559499325155828,0.002725182174047305,0.002725182174047305,0.0027808782302299146,5.5696056182609824e-05
default_R2_0.56,0.8,1.9,0.3559499325155828,0.002725182174047305,0.002725182174047305,0.002785961938400369,6.0779764353064304e-05
default_R2_0.56,0.8,2.0,0.3559499325155828,0.002725182174047305,0.002725182174047305,0.0027912502217915776,6.60680477442728e-05
default_R2_0.56,0.8,2.1,0.3559499325155828,0.002725182174047305,0.002725182174047305,0.0027967423672922184,7.156019324491359e-05
default_R2_0.56,0.8,2.2,0.3559499325155828,0.002725182174047305,0.002725182174047305,0.0028024376643153927,7.725549026808788e-05
default_R2_0.56,0.8,2.3,0.3559499325155828,0.002725182174047305,0.002725182174047305,0.0028083354047884544,8.315323074114958e-05
default_R2_0.56,0.8,2.4,0.3559499325155828,0.002725182174047305,0.002725182174047305,0.002814434883142897,8.925270909559231e-05
default_R2_0.56,0.8,2.5,0.3559499325155828,0.002725182174047305,0.002725182174047305,0.0028207353963042785,9.555322225697363e-05
default_R2_0.56,0.8,2.6,0.3559499325155828,0.002725182174047305,0.002725182174047305,0.002827236243682198,0.0001020540696348932
default_R2_0.56,0.8,2.7,0.3559499325155828,0.002725182174047305,0.002725182174047305,0.0028339367271603163,0.00010875455311301152
default_R2_0.56,0.8,2.8,0.3559499325155828,0.002725182174047305,0.002725182174047305,0.002840836151086428,0.00011565397703912307
default_R2_0.56,0.8,2.9,0.3559499325155828,0.002725182174047305,0.002725182174047305,0.002847933822262569,0.0001227516482152644
default_R2_0.56,0.8,3.0,0.3559499325155828,0.002725182174047305,0.002725182174047305,0.002855229049935186,0.0001300468758878813
default_R2_0.56,0.8,3.1,0.3559499325155828,0.002725182174047305,0.002725182174047305,0.0028627211457853304,0.00013753897173802553
default_R2_0.56,0.8,3.2,0.3559499325155828,0.002725182174047305,0.002725182174047305,0.0028704094239189208,0.00014522724987161596
default_R2_0.56,0.8,3.3,0.3559499325155828,0.002725182174047305,0.002725182174047305,0.0028782932008570316,0.0001531110268097268
default_R2_0.56,0.8,3.4,0.3559499325155828,0.002725182174047305,0.002725182174047305,0.002886371795526235,0.00016118962147893033
default_R2_0.56,0.8,3.5,0.3559499325155828,0.002725182174047305,0.002725182174047305,0.002894644529248991,0.0001694623552016862
default_R2_0.56,0.8,3.6,0.3559499325155828,0.002725182174047305,0.002725182174047305,0.0029031107257340696,0.0001779285516867648
default_R2_0.56,0.8,3.7,0.3559499325155828,0.002725182174047305,0.002725182174047305,0.0029117697110670306,0.00018658753701972577
default_R2_0.56,0.8,3.8,0.3559499325155828,0.002725182174047305,0.002725182174047305,0.002920620813700741,0.00019543863965343616
default_R2_0.56,0.8,3.9,0.3559499325155828,0.002725182174047305,0.002725182174047305,0.002929663364445932,0.00020448119039862727
default_R2_0.56,0.8,4.0,0.3559499325155828,0.002725182174047305,0.002725182174047305,0.00293889669646181,0.00021371452241450515
default_R2_0.56,0.8,4.1,0.3559499325155828,0.002725182174047305,0.002725182174047305,0.002948320145246699,0.00022313797119939433
default_R2_0.56,0.8,4.2,0.3559499325155828,0.002725182174047305,0.002725182174047305,0.0029579330486287354,0.0002327508745814306
default_R2_0.56,0.8,4.3,0.3559499325155828,0.002725182174047305,0.002725182174047305,0.0029677347467566015,0.0002425525727092967
default_R2_0.56,0.8,4.4,0.3559499325155828,0.002725182174047305,0.002725182174047305,0.002977724582090297,0.0002525424080429923
default_R2_0.56,0.8,4.5,0.3559499325155828,0.002725182174047305,0.002725182174047305,0.002987901899391967,0.00026271972534466217
default_R2_0.56,0.8,4.6,0.3559499325155828,0.002725182174047305,0.002725182174047305,0.0029982660457167523,0.0002730838716694475
default_R2_0.56,0.8,4.7,0.3559499325155828,0.002725182174047305,0.002725182174047305,0.0030088163704036987,0.0002836341963563939
default_R2_0.56,0.8,4.8,0.3559499325155828,0.002725182174047305,0.002725182174047305,0.003019552225066698,0.0002943700510193931
default_R2_0.56,0.8,4.9,0.3559499325155828,0.002725182174047305,0.002725182174047305,0.0030304729635854755,0.0003052907895381707
default_R2_0.56,0.8,5.0,0.3559499325155828,0.002725182174047305,0.002725182174047305,0.0030415779420966123,0.00031639576804930744
low_R2_0.25,0.0,0.1,0.0006732287791871525,0.012863524780666097,0.0006732287791871525,0.011344737684185192,0.01067150890499804
low_R2_0.25,0.0,0.2,0.0006732287791871525,0.012863524780666097,0.0006732287791871525,0.010331769994870904,0.009658541215683752
low_R2_0.25,0.0,0.3,0.0006732287791871525,0.012863524780666097,0.0006732287791871525,0.009540095535880748,0.008866866756693596
low_R2_0.25,0.0,0.4,0.0006732287791871525,0.012863524780666097,0.0006732287791871525,0.00888853228314584,0.008215303503958687
low_R2_0.25,0.0,0.5,0.0006732287791871525,0.012863524780666097,0.0006732287791871525,0.008336135566414634,0.007662906787227481
low_R2_0.25,0.0,0.6,0.0006732287791871525,0.012863524780666097,0.0006732287791871525,0.007858331192496532,0.007185102413309379
low_R2_0.25,0.0,0.7,0.0006732287791871525,0.012863524780666097,0.0006732287791871525,0.0074389123141232315,0.006765683534936079
low_R2_0.25,0.0,0.8,0.0006732287791871525,0.012863524780666097,0.0006732287791871525,0.007066517345948135,0.006393288566760982
low_R2_0.25,0.0,0.9,0.0006732287791871525,0.012863524780666097,0.0006732287791871525,0.006732827105449042,0.006059598326261889
low_R2_0.25,0.0,1.0,0.0006732287791871525,0.012863524780666097,0.0006732287791871525,0.0064315462677358255,0.005758317488548673
low_R2_0.25,0.0,1.1,0.0006732287791871525,0.012863524780666097,0.0006732287791871525,0.006157785864608343,0.00548455708542119
low_R2_0.25,0.0,1.2,0.0006732287791871525,0.012863524780666097,0.0006732287791871525,0.00590766836437013,0.005234439585182977
low_R2_0.25,0.0,1.3,0.0006732287791871525,0.012863524780666097,0.0006732287791871525,0.005678064224652337,0.005004835445465184
low_R2_0.25,0.0,1.4,0.0006732287791871525,0.012863524780666097,0.0006732287791871525,0.005466410024064569,0.004793181244877416
low_R2_0.25,0.0,1.5,0.0006732287791871525,0.012863524780666097,0.0006732287791871525,0.005270579284460201,0.004597350505273048
low_R2_0.25,0.0,1.6,0.0006732287791871525,0.012863524780666097,0.0006732287791871525,0.0050887884805951794,0.004415559701408027
low_R2_0.25,0.0,1.7,0.0006732287791871525,0.012863524780666097,0.0006732287791871525,0.00491952722256435,0.004246298443377197
low_R2_0.25,0.0,1.8,0.0006732287791871525,0.012863524780666097,0.0006732287791871525,0.00476150545309198,0.004088276673904827
low_R2_0.25,0.0,1.9,0.0006732287791871525,0.012863524780666097,0.0006732287791871525,0.0046136128774601545,0.003940384098273002
low_R2_0.25,0.0,2.0,0.0006732287791871525,0.012863524780666097,0.0006732287791871525,0.004474887353065964,0.0038016585738788115
low_R2_0.25,0.0,2.1,0.0006732287791871525,0.012863524780666097,0.0006732287791871525,0.0043444899504622506,0.003671261171275098
low_R2_0.25,0.0,2.2,0.0006732287791871525,0.012863524780666097,0.0006732287791871525,0.0042216850558283595,0.003548456276641207
low_R2_0.25,0.0,2.3,0.0006732287791871525,0.012863524780666097,0.0006732287791871525,0.004105824333907453,0.0034325955547203006
low_R2_0.25,0.0,2.4,0.0006732287791871525,0.012863524780666097,0.0006732287791871525,0.003996333682737386,0.0033231049035502337
low_R2_0.25,0.0,2.5,0.0006732287791871525,0.012863524780666097,0.0006732287791871525,0.003892702532379598,0.0032194737531924455
low_R2_0.25,0.0,2.6,0.0006732287791871525,0.012863524780666097,0.0006732287791871525,0.0037944749984929744,0.003121246219305822
low_R2_0.25,0.0,2.7,0.0006732287791871525,0.012863524780666097,0.0006732287791871525,0.003701242517148722,0.0030280137379615694
low_R2_0.25,0.0,2.8,0.0006732287791871525,0.012863524780666097,0.0006732287791871525,0.003612637672528556,0.0029394088933414036
low_R2_0.25,0.0,2.9,0.0006732287791871525,0.012863524780666097,0.0006732287791871525,0.0035283289927829672,0.002855100213595815
low_R2_0.25,0.0,3.0,0.0006732287791871525,0.012863524780666097,0.0006732287791871525,0.003448016537346275,0.0027747877581591226
low_R2_0.25,0.0,3.1,0.0006732287791871525,0.012863524780666097,0.0006732287791871525,0.003371428135607495,0.0026981993564203425
low_R2_0.25,0.0,3.2,0.0006732287791871525,0.012863524780666097,0.0006732287791871525,0.0032983161649967263,0.002625087385809574
low_R2_0.25,0.0,3.3,0.0006732287791871525,0.012863524780666097,0.0006732287791871525,0.003228454778401308,0.002555225999214156
low_R2_0.25,0.0,3.4,0.0006732287791871525,0.012863524780666097,0.0006732287791871525,0.003161637507924474,0.0024884087287373215
low_R2_0.25,0.0,3.5,0.0006732287791871525,0.012863524780666097,0.0006732287791871525,0.0030976751854783604,0.002424446406291208
low_R2_0.25,0.0,3.6,0.0006732287791871525,0.012863524780666097,0.0006732287791871525,0.003036394131404795,0.0023631653522176426
low_R2_0.25,0.0,3.7,0.0006732287791871525,0.012863524780666097,0.0006732287791871525,0.0029776345708706796,0.002304405791683527
low_R2_0.25,0.0,3.8,0.0006732287791871525,0.012863524780666097,0.0006732287791871525,0.0029212492446641417,0.0022480204654769893
low_R2_0.25,0.0,3.9,0.0006732287791871525,0.012863524780666097,0.0006732287791871525,0.0028671021865836577,0.0021938734073965052
low_R2_0.25,0.0,4.0,0.0006732287791871525,0.012863524780666097,0.0006732287791871525,0.002815067644140918,0.002141838864953766
low_R2_0.25,0.0,4.1,0.0006732287791871525,0.012863524780666097,0.0006732287791871525,0.0027650291230024255,0.002091800343815273
low_R2_0.25,0.0,4.2,0.0006732287791871525,0.012863524780666097,0.0006732287791871525,0.002716878538639859,0.0020436497594527067
low_R2_0.25,0.0,4.3,0.0006732287791871525,0.012863524780666097,0.0006732287791871525,0.0026705154611745695,0.001997286681987417
low_R2_0.25,0.0,4.4,0.0006732287791871525,0.012863524780666097,0.0006732287791871525,0.0026258464414885595,0.001952617662301407
low_R2_0.25,0.0,4.5,0.0006732287791871525,0.012863524780666097,0.0006732287791871525,0.002582784408413636,0.0019095556292264837
low_R2_0.25,0.0,4.6,0.0006732287791871525,0.012863524780666097,0.0006732287791871525,0.00254124812826575,0.0018680193490785975
low_R2_0.25,0.0,4.7,0.0006732287791871525,0.012863524780666097,0.0006732287791871525,0.0025011617192142385,0.0018279329400270861
low_R2_0.25,0.0,4.8,0.0006732287791871525,0.012863524780666097,0.0006732287791871525,0.0024624542140066342,0.0017892254348194818
low_R2_0.25,0.0,4.9,0.0006732287791871525,0.012863524780666097,0.0006732287791871525,0.0024250591654422084,0.001751830386255056
low_R2_0.25,0.0,5.0,0.0006732287791871525,0.012863524780666097,0.0006732287791871525,0.0023889142897283167,0.0017156855105411642
low_R2_0.25,0.05,0.1,0.000737541000084601,0.012391867730978695,0.000737541000084601,0.010822953171850568,0.010085412171765968
low_R2_0.25,0.05,0.2,0.000737541000084601,0.012391867730978695,0.000737541000084601,0.009788930711489776,0.009051389711405176
low_R2_0.25,0.05,0.3,0.000737541000084601,0.012391867730978695,0.000737541000084601,0.008993243812834978,0.008255702812750378
low_R2_0.25,0.05,0.4,0.000737541000084601,0.012391867730978695,0.000737541000084601,0.008346825295775287,0.0076092842956906855
low_R2_0.25,0.05,0.5,0.000737541000084601,0.012391867730978695,0.000737541000084601,0.007804531437967363,0.007066990437882762
low_R2_0.25,0.05,0.6,0.000737541000084601,0.012391867730978695,0.000737541000084601,0.007339498829338192,0.006601957829253591
low_R2_0.25,0.05,0.7,0.000737541000084601,0.012391867730978695,0.000737541000084601,0.006934216902144522,0.006196675902059921
low_R2_0.25,0.05,0.8,0.000737541000084601,0.012391867730978695,0.000737541000084601,0.00657655616980289,0.005839015169718289
low_R2_0.25,0.05,0.9,0.000737541000084601,0.012391867730978695,0.000737541000084601,0.006257735365628941,0.0055201943655443396
low_R2_0.25,0.05,1.0,0.000737541000084601,0.012391867730978695,0.000737541000084601,0.005971178590786023,0.005233637590701422
low_R2_0.25,0.05,1.1,0.000737541000084601,0.012391867730978695,0.000737541000084601,0.005711827366530907,0.004974286366446306
low_R2_0.25,0.05,1.2,0.000737541000084601,0.012391867730978695,0.000737541000084601,0.00547570419596982,0.004738163195885219
low_R2_0.25,0.05,1.3,0.000737541000084601,0.012391867730978695,0.000737541000084601,0.005259623849721621,0.00452208284963702
low_R2_0.25,0.05,1.4,0.000737541000084601,0.012391867730978695,0.000737541000084601,0.005060995710587982,0.004323454710503381
low_R2_0.25,0.05,1.5,0.000737541000084601,0.012391867730978695,0.000737541000084601,0.0048776845178802024,0.004140143517795601
low_R2_0.25,0.05,1.6,0.000737541000084601,0.012391867730978695,0.000737541000084601,0.004707909830941452,0.0039703688308568505
low_R2_0.25,0.05,1.7,0.000737541000084601,0.012391867730978695,0.000737541000084601,0.004550171900893803,0.0038126309008092015
low_R2_0.25,0.05,1.8,0.000737541000084601,0.012391867730978695,0.000737541000084601,0.004403196000011079,0.0036656549999264775
low_R2_0.25,0.05,1.9,0.000737541000084601,0.012391867730978695,0.000737541000084601,0.004265889930479131,0.0035283489303945302
low_R2_0.25,0.05,2.0,0.000737541000084601,0.012391867730978695,0.000737541000084601,0.004137311122823619,0.0033997701227390176
low_R2_0.25,0.05,2.1,0.000737541000084601,0.012391867730978695,0.000737541000084601,0.004016640830037566,0.0032790998299529646
low_R2_0.25,0.05,2.2,0.000737541000084601,0.012391867730978695,0.000737541000084601,0.0039031636515089872,0.003165622651424386
low_R2_0.25,0.05,2.3,0.000737541000084601,0.012391867730978695,0.000737541000084601,0.003796251114899531,0.0030587101148149298
low_R2_0.25,0.05,2.4,0.000737541000084601,0.012391867730978695,0.000737541000084601,0.003695348385770914,0.002957807385686313
low_R2_0.25,0.05,2.5,0.000737541000084601,0.012391867730978695,0.000737541000084601,0.0035999634150775607,0.0028624224149929596
low_R2_0.25,0.05,2.6,0.000737541000084601,0.012391867730978695,0.000737541000084601,0.0035096580063322586,0.0027721170062476575
low_R2_0.25,0.05,2.7,0.000737541000084601,0.012391867730978695,0.000737541000084601,0.0034240404086553957,0.0026864994085707946
low_R2_0.25,0.05,2.8,0.000737541000084601,0.012391867730978695,0.000737541000084601,0.0033427591332364985,0.0026052181331518974
low_R2_0.25,0.05,2.9,0.000737541000084601,0.012391867730978695,0.000737541000084601,0.0032654977585733613,0.00252795675848876
low_R2_0.25,0.05,3.0,0.000737541000084601,0.012391867730978695,0.000737541000084601,0.0031919705408054223,0.002454429540720821
low_R2_0.25,0.05,3.1,0.000737541000084601,0.012391867730978695,0.000737541000084601,0.0031219186841199517,0.0023843776840353505
low_R2_0.25,0.05,3.2,0.000737541000084601,0.012391867730978695,0.000737541000084601,0.003055107155825846,0.002317566155741245
low_R2_0.25,0.05,3.3,0.000737541000084601,0.012391867730978695,0.000737541000084601,0.0029913219535782696,0.0022537809534936685
low_R2_0.25,0.05,3.4,0.000737541000084601,0.012391867730978695,0.000737541000084601,0.002930367750073044,0.002192826749988443
low_R2_0.25,0.05,3.5,0.000737541000084601,0.012391867730978695,0.000737541000084601,0.002872065854535858,0.0021345248544512568
low_R2_0.25,0.05,3.6,0.000737541000084601,0.012391867730978695,0.000737541000084601,0.0028162524414103267,0.0020787114413257255
low_R2_0.25,0.05,3.7,0.000737541000084601,0.012391867730978695,0.000737541000084601,0.0027627770054724932,0.002025236005387892
low_R2_0.25,0.05,3.8,0.000737541000084601,0.012391867730978695,0.000737541000084601,0.0027115010096718573,0.001973960009587256
low_R2_0.25,0.05,3.9,0.000737541000084601,0.012391867730978695,0.000737541000084601,0.00266229669770255,0.0019247556976179489
low_R2_0.25,0.05,4.0,0.000737541000084601,0.012391867730978695,0.000737541000084601,0.0026150460479340922,0.001877505047849491
low_R2_0.25,0.05,4.1,0.000737541000084601,0.012391867730978695,0.000737541000084601,0.0025696398491034814,0.0018320988490188803
low_R2_0.25,0.05,4.2,0.000737541000084601,0.012391867730978695,0.000737541000084601,0.0025259768812623596,0.0017884358811777585
low_R2_0.25,0.05,4.3,0.000737541000084601,0.012391867730978695,0.000737541000084601,0.0024839631880199165,0.0017464221879353154
low_R2_0.25,0.05,4.4,0.000737541000084601,0.012391867730978695,0.000737541000084601,0.0024435114282297253,0.0017059704281451242
low_R2_0.25,0.05,4.5,0.000737541000084601,0.012391867730978695,0.000737541000084601,0.002404540297020522,0.001666999296935921
low_R2_0.25,0.05,4.6,0.000737541000084601,0.012391867730978695,0.000737541000084601,0.002366974007533118,0.001629433007448517
low_R2_0.25,0.05,4.7,0.000737541000084601,0.012391867730978695,0.000737541000084601,0.002330741825951013,0.001593200825866412
low_R2_0.25,0.05,4.8,0.000737541000084601,0.012391867730978695,0.000737541000084601,0.0022957776534431656,0.0015582366533585645
low_R2_0.25,0.05,4.9,0.000737541000084601,0.012391867730978695,0.000737541000084601,0.0022620196495077797,0.0015244786494231785
low_R2_0.25,0.05,5.0,0.000737541000084601,0.012391867730978695,0.000737541000084601,0.002229409891943535,0.0014918688918589339
low_R2_0.25,0.1,0.1,0.0008895967197405576,0.01268251745827935,0.0008895967197405576,0.01110631943364843,0.010216722713907871
low_R2_0.25,0.1,0.2,0.0008895967197405576,0.01268251745827935,0.0008895967197405576,0.010068333323312374,0.009178736603571816
low_R2_0.25,0.1,0.3,0.0008895967197405576,0.01268251745827935,0.0008895967197405576,0.009269517538847593,0.008379920819107035
low_R2_0.25,0.1,0.4,0.0008895967197405576,0.01268251745827935,0.0008895967197405576,0.008619726280799237,0.00773012956105868
low_R2_0.25,0.1,0.5,0.0008895967197405576,0.01268251745827935,0.0008895967197405576,0.008073644806796242,0.007184048087055685
low_R2_0.25,0.1,0.6,0.0008895967197405576,0.01268251745827935,0.0008895967197405576,0.00760444717002705,0.006714850450286493
low_R2_0.25,0.1,0.7,0.0008895967197405576,0.01268251745827935,0.0008895967197405576,0.007194707223660021,0.0063051105039194635
low_R2_0.25,0.1,0.8,0.0008895967197405576,0.01268251745827935,0.0008895967197405576,0.006832382110626567,0.005942785390886009
low_R2_0.25,0.1,0.9,0.0008895967197405576,0.01268251745827935,0.0008895967197405576,0.006508766851456265,0.0056191701317157075
low_R2_0.25,0.1,1.0,0.0008895967197405576,0.01268251745827935,0.0008895967197405576,0.0062173489443990105,0.005327752224658453
low_R2_0.25,0.1,1.1,0.0008895967197405576,0.01268251745827935,0.0008895967197405576,0.0059531210882162325,0.005063524368475675
low_R2_0.25,0.1,1.2,0.0008895967197405576,0.01268251745827935,0.0008895967197405576,0.0057121463491725515,0.004822549629431994
low_R2_0.25,0.1,1.3,0.0008895967197405576,0.01268251745827935,0.0008895967197405576,0.005491271182366019,0.004601674462625461
low_R2_0.25,0.1,1.4,0.0008895967197405576,0.01268251745827935,0.0008895967197405576,0.005287929366578503,0.004398332646837946
low_R2_0.25,0.1,1.5,0.0008895967197405576,0.01268251745827935,0.0008895967197405576,0.005100004115487836,0.004210407395747279
low_R2_0.25,0.1,1.6,0.0008895967197405576,0.01268251745827935,0.0008895967197405576,0.004925728681682237,0.004036131961941679
low_R2_0.25,0.1,1.7,0.0008895967197405576,0.01268251745827935,0.0008895967197405576,0.004763613165694498,0.0038740164459539405
low_R2_0.25,0.1,1.8,0.0008895967197405576,0.01268251745827935,0.0008895967197405576,0.004612389609540612,0.0037227928898000548
low_R2_0.25,0.1,1.9,0.0008895967197405576,0.01268251745827935,0.0008895967197405576,0.004470970125902053,0.0035813734061614956
low_R2_0.25,0.1,2.0,0.0008895967197405576,0.01268251745827935,0.0008895967197405576,0.004338414499219785,0.0034488177794792275
low_R2_0.25,0.1,2.1,0.0008895967197405576,0.01268251745827935,0.0008895967197405576,0.0042139047867006596,0.003324308066960102
low_R2_0.25,0.1,2.2,0.0008895967197405576,0.01268251745827935,0.0008895967197405576,0.004096725171477533,0.003207128451736976
low_R2_0.25,0.1,2.3,0.0008895967197405576,0.01268251745827935,0.0008895967197405576,0.003986245810867467,0.0030966490911269098
low_R2_0.25,0.1,2.4,0.0008895967197405576,0.01268251745827935,0.0008895967197405576,0.0038819097615079086,0.0029923130417673508
low_R2_0.25,0.1,2.5,0.0008895967197405576,0.01268251745827935,0.0008895967197405576,0.003783222301164293,0.002893625581423735
low_R2_0.25,0.1,2.6,0.0008895967197405576,0.01268251745827935,0.0008895967197405576,0.003689742136817996,0.002800145417077438
low_R2_0.25,0.1,2.7,0.0008895967197405576,0.01268251745827935,0.0008895967197405576,0.003601074111537474,0.0027114773917969164
low_R2_0.25,0.1,2.8,0.0008895967197405576,0.01268251745827935,0.0008895967197405576,0.0035168631127403677,0.0026272663929998103
low_R2_0.25,0.1,2.9,0.0008895967197405576,0.01268251745827935,0.0008895967197405576,0.003436788951317219,0.0025471922315766617
low_R2_0.25,0.1,3.0,0.0008895967197405576,0.01268251745827935,0.0008895967197405576,0.003360562031257353,0.0024709653115167953
low_R2_0.25,0.1,3.1,0.0008895967197405576,0.01268251745827935,0.0008895967197405576,0.0032879196674514273,0.0023983229477108695
low_R2_0.25,0.1,3.2,0.0008895967197405576,0.01268251745827935,0.0008895967197405576,0.0032186229384562983,0.0023290262187157405
low_R2_0.25,0.1,3.3,0.0008895967197405576,0.01268251745827935,0.0008895967197405576,0.00315245398348902,0.0022628572637484624
low_R2_0.25,0.1,3.4,0.0008895967197405576,0.01268251745827935,0.0008895967197405576,0.003089213670423602,0.002199616950683044
low_R2_0.25,0.1,3.5,0.0008895967197405576,0.01268251745827935,0.0008895967197405576,0.0030287195753040484,0.002139122855563491
low_R2_0.25,0.1,3.6,0.0008895967197405576,0.01268251745827935,0.0008895967197405576,0.0029708042247502506,0.0020812075050096928
low_R2_0.25,0.1,3.7,0.0008895967197405576,0.01268251745827935,0.0008895967197405576,0.0029153135612812364,0.0020257168415406786
low_R2_0.25,0.1,3.8,0.0008895967197405576,0.01268251745827935,0.0008895967197405576,0.0028621055985097953,0.0019725088787692375
low_R2_0.25,0.1,3.9,0.0008895967197405576,0.01268251745827935,0.0008895967197405576,0.002811049238749159,0.0019214525190086012
low_R2_0.25,0.1,4.0,0.0008895967197405576,0.01268251745827935,0.0008895967197405576,0.002762023230102814,0.0018724265103622565
low_R2_0.25,0.1,4.1,0.0008895967197405576,0.01268251745827935,0.0008895967197405576,0.0027149152438024245,0.0018253185240618669
low_R2_0.25,0.1,4.2,0.0008895967197405576,0.01268251745827935,0.0008895967197405576,0.002669621055586663,0.0017800243358461053
low_R2_0.25,0.1,4.3,0.0008895967197405576,0.01268251745827935,0.0008895967197405576,0.002626043817407699,0.0017364470976671414
low_R2_0.25,0.1,4.4,0.0008895967197405576,0.01268251745827935,0.0008895967197405576,0.002584093407816156,0.0016944966880755982
low_R2_0.25,0.1,4.5,0.0008895967197405576,0.01268251745827935,0.0008895967197405576,0.002543685851091224,0.0016540891313506663
low_R2_0.25,0.1,4.6,0.0008895967197405576,0.01268251745827935,0.0008895967197405576,0.002504742796615122,0.0016151460768745643
low_R2_0.25,0.1,4.7,0.0008895967197405576,0.01268251745827935,0.0008895967197405576,0.002467191051191987,0.0015775943314514293
low_R2_0.25,0.1,4.8,0.0008895967197405576,0.01268251745827935,0.0008895967197405576,0.002430962158021869,0.0015413654382813115
low_R2_0.25,0.1,4.9,0.0008895967197405576,0.01268251745827935,0.0008895967197405576,0.0023959920168940938,0.0015063952971535362
low_R2_0.25,0.1,5.0,0.0008895967197405576,0.01268251745827935,0.0008895967197405576,0.002362220540887919,0.0014726238211473614
low_R2_0.25,0.15,0.1,0.0013158430348420493,0.013119333797200802,0.0013158430348420493,0.011703464048088709,0.010387621013246659
low_R2_0.25,0.15,0.2,0.0013158430348420493,0.013119333797200802,0.0013158430348420493,0.010735325275219495,0.009419482240377445
low_R2_0.25,0.15,0.3,0.0013158430348420493,0.013119333797200802,0.0013158430348420493,0.00997198376387652,0.00865614072903447
low_R2_0.25,0.15,0.4,0.0013158430348420493,0.013119333797200802,0.0013158430348420493,0.009339751964672127,0.008023908929830077
low_R2_0.25,0.15,0.5,0.0013158430348420493,0.013119333797200802,0.0013158430348420493,0.008801021872743757,0.0074851788379017075
low_R2_0.25,0.15,0.6,0.0013158430348420493,0.013119333797200802,0.0013158430348420493,0.008333074356306444,0.007017231321464395
low_R2_0.25,0.15,0.7,0.0013158430348420493,0.013119333797200802,0.0013158430348420493,0.007920844250084864,0.006605001215242815
low_R2_0.25,0.15,0.8,0.0013158430348420493,0.013119333797200802,0.0013158430348420493,0.007553716059774012,0.006237873024931963
low_R2_0.25,0.15,0.9,0.0013158430348420493,0.013119333797200802,0.0013158430348420493,0.0072238786729899454,0.005908035638147896
low_R2_0.25,0.15,1.0,0.0013158430348420493,0.013119333797200802,0.0013158430348420493,0.006925393574366761,0.005609550539524712
low_R2_0.25,0.15,1.1,0.0013158430348420493,0.013119333797200802,0.0013158430348420493,0.0066536285371423904,0.005337785502300341
low_R2_0.25,0.15,1.2,0.0013158430348420493,0.013119333797200802,0.0013158430348420493,0.006404894461541094,0.005089051426699045
low_R2_0.25,0.15,1.3,0.0013158430348420493,0.013119333797200802,0.0013158430348420493,0.006176202406273179,0.00486035937143113
low_R2_0.25,0.15,1.4,0.0013158430348420493,0.013119333797200802,0.0013158430348420493,0.005965095342156643,0.004649252307314594
low_R2_0.25,0.15,1.5,0.0013158430348420493,0.013119333797200802,0.0013158430348420493,0.0057695282716447435,0.004453685236802694
low_R2_0.25,0.15,1.6,0.0013158430348420493,0.013119333797200802,0.0013158430348420493,0.005587780723809093,0.004271937688967044
low_R2_0.25,0.15,1.7,0.0013158430348420493,0.013119333797200802,0.0013158430348420493,0.005418391546302723,0.004102548511460674
low_R2_0.25,0.15,1.8,0.0013158430348420493,0.013119333797200802,0.0013158430348420493,0.005260109433050076,0.0039442663982080265
low_R2_0.25,0.15,1.9,0.0013158430348420493,0.013119333797200802,0.0013158430348420493,0.005111854795482039,0.0037960117606399895
low_R2_0.25,0.15,2.0,0.0013158430348420493,0.013119333797200802,0.0013158430348420493,0.004972689964920436,0.0036568469300783868
low_R2_0.25,0.15,2.1,0.0013158430348420493,0.013119333797200802,0.0013158430348420493,0.004841795615489879,0.00352595258064783
low_R2_0.25,0.15,2.2,0.0013158430348420493,0.013119333797200802,0.0013158430348420493,0.004718451900510546,0.0034026088656684966
low_R2_0.25,0.15,2.3,0.0013158430348420493,0.013119333797200802,0.0013158430348420493,0.0046020232079528834,0.0032861801731108344
low_R2_0.25,0.15,2.4,0.0013158430348420493,0.013119333797200802,0.0013158430348420493,0.004491945728015436,0.003176102693173387
low_R2_0.25,0.15,2.5,0.0013158430348420493,0.013119333797200802,0.0013158430348420493,0.004387717229620098,0.003071874194778049
low_R2_0.25,0.15,2.6,0.0013158430348420493,0.013119333797200802,0.0013158430348420493,0.004288888589247459,0.00297304555440541
low_R2_0.25,0.15,2.7,0.0013158430348420493,0.013119333797200802,0.0013158430348420493,0.004195056722557147,0.002879213687715098
low_R2_0.25,0.15,2.8,0.0013158430348420493,0.013119333797200802,0.0013158430348420493,0.004105858648361398,0.002790015613519349
low_R2_0.25,0.15,2.9,0.0013158430348420493,0.013119333797200802,0.0013158430348420493,0.004020966473710388,0.0027051234388683386
low_R2_0.25,0.15,3.0,0.0013158430348420493,0.013119333797200802,0.0013158430348420493,0.003940083133610064,0.0026242400987680145
low_R2_0.25,0.15,3.1,0.0013158430348420493,0.013119333797200802,0.0013158430348420493,0.0038629387530852454,0.002547095718243196
low_R2_0.25,0.15,3.2,0.0013158430348420493,0.013119333797200802,0.0013158430348420493,0.003789287525662985,0.002473444490820936
low_R2_0.25,0.15,3.3,0.0013158430348420493,0.013119333797200802,0.0013158430348420493,0.0037189050228528613,0.002403061988010812
low_R2_0.25,0.15,3.4,0.0013158430348420493,0.013119333797200802,0.0013158430348420493,0.0036515858652740978,0.0023357428304320487
low_R2_0.25,0.15,3.5,0.0013158430348420493,0.013119333797200802,0.0013158430348420493,0.0035871416987759714,0.0022712986639339223
low_R2_0.25,0.15,3.6,0.0013158430348420493,0.013119333797200802,0.0013158430348420493,0.0035253994289983206,0.0022095563941562715
low_R2_0.25,0.15,3.7,0.0013158430348420493,0.013119333797200802,0.0013158430348420493,0.003466199675907447,0.002150356641065398
low_R2_0.25,0.15,3.8,0.0013158430348420493,0.013119333797200802,0.0013158430348420493,0.003409395416360496,0.0020935523815184464
low_R2_0.25,0.15,3.9,0.0013158430348420493,0.013119333797200802,0.0013158430348420493,0.0033548507880345434,0.0020390077531924943
low_R2_0.25,0.15,4.0,0.0013158430348420493,0.013119333797200802,0.0013158430348420493,0.003302440032362792,0.0019865969975207424
low_R2_0.25,0.15,4.1,0.0013158430348420493,0.013119333797200802,0.0013158430348420493,0.0032520465576485764,0.001936203522806527
low_R2_0.25,0.15,4.2,0.0013158430348420493,0.013119333797200802,0.0013158430348420493,0.0032035621064333032,0.001887719071591254
low_R2_0.25,0.15,4.3,0.0013158430348420493,0.013119333797200802,0.0013158430348420493,0.003156886013598217,0.0018410429787561677
low_R2_0.25,0.15,4.4,0.0013158430348420493,0.013119333797200802,0.0013158430348420493,0.0031119245436775425,0.0017960815088354932
low_R2_0.25,0.15,4.5,0.0013158430348420493,0.013119333797200802,0.0013158430348420493,0.0030685902975278634,0.001752747262685814
low_R2_0.25,0.15,4.6,0.0013158430348420493,0.013119333797200802,0.0013158430348420493,0.003026801679895768,0.0017109586450537188
low_R2_0.25,0.15,4.7,0.0013158430348420493,0.013119333797200802,0.0013158430348420493,0.0029864824206012226,0.0016706393857591733
low_R2_0.25,0.15,4.8,0.0013158430348420493,0.013119333797200802,0.0013158430348420493,0.002947561143046611,0.0016317181082045617
low_R2_0.25,0.15,4.9,0.0013158430348420493,0.013119333797200802,0.0013158430348420493,0.002909970974602367,0.0015941279397603178
low_R2_0.25,0.15,5.0,0.0013158430348420493,0.013119333797200802,0.0013158430348420493,0.0028736491941352303,0.001557806159293181
low_R2_0.25,0.2,0.1,0.002055930778297632,0.01331386243215912,0.002055930778297632,0.011895476979297093,0.009839546200999461
low_R2_0.25,0.2,0.2,0.002055930778297632,0.01331386243215912,0.002055930778297632,0.010944041054179798,0.008888110275882165
low_R2_0.25,0.2,0.3,0.002055930778297632,0.01331386243215912,0.002055930778297632,0.010186126391305981,0.008130195613008349
low_R2_0.25,0.2,0.4,0.002055930778297632,0.01331386243215912,0.002055930778297632,0.00955293737670718,0.007497006598409548
low_R2_0.25,0.2,0.5,0.002055930778297632,0.01331386243215912,0.002055930778297632,0.009009996008073323,0.00695406522977569
low_R2_0.25,0.2,0.6,0.002055930778297632,0.01331386243215912,0.002055930778297632,0.008536342549399837,0.006480411771102205
low_R2_0.25,0.2,0.7,0.002055930778297632,0.01331386243215912,0.002055930778297632,0.008117902523961365,0.006061971745663733
low_R2_0.25,0.2,0.8,0.002055930778297632,0.01331386243215912,0.002055930778297632,0.0077446210389380075,0.005688690260640375
low_R2_0.25,0.2,0.9,0.002055930778297632,0.01331386243215912,0.002055930778297632,0.0074090007031922195,0.005353069924894587
low_R2_0.25,0.2,1.0,0.002055930778297632,0.01331386243215912,0.002055930778297632,0.007105271564539639,0.005049340786242007
low_R2_0.25,0.2,1.1,0.002055930778297632,0.01331386243215912,0.002055930778297632,0.006828883150177532,0.0047729523718799
low_R2_0.25,0.2,1.2,0.002055930778297632,0.01331386243215912,0.002055930778297632,0.006576175766487722,0.00452024498819009
low_R2_0.25,0.2,1.3,0.002055930778297632,0.01331386243215912,0.002055930778297632,0.006344158377943094,0.004288227599645462
low_R2_0.25,0.2,1.4,0.002055930778297632,0.01331386243215912,0.002055930778297632,0.006130353209335528,0.004074422431037896
low_R2_0.25,0.2,1.5,0.002055930778297632,0.01331386243215912,0.002055930778297632,0.005932683890294994,0.003876753111997362
low_R2_0.25,0.2,1.6,0.002055930778297632,0.01331386243215912,0.002055930778297632,0.005749393002185353,0.0036934622238877206
low_R2_0.25,0.2,1.7,0.002055930778297632,0.01331386243215912,0.002055930778297632,0.005578980056240052,0.0035230492779424203
low_R2_0.25,0.2,1.8,0.002055930778297632,0.01331386243215912,0.002055930778297632,0.005420154019605996,0.0033642232413083634
low_R2_0.25,0.2,1.9,0.002055930778297632,0.01331386243215912,0.002055930778297632,0.005271796420381793,0.003215865642084161
low_R2_0.25,0.2,2.0,0.002055930778297632,0.01331386243215912,0.002055930778297632,0.005132932288007138,0.0030770015097095057
low_R2_0.25,0.2,2.1,0.002055930778297632,0.01331386243215912,0.002055930778297632,0.0050027069914669155,0.0029467762131692833
low_R2_0.25,0.2,2.2,0.002055930778297632,0.01331386243215912,0.002055930778297632,0.004880367581057922,0.00282443680276029
low_R2_0.25,0.2,2.3,0.002055930778297632,0.01331386243215912,0.002055930778297632,0.00476524761350006,0.002709316835202428
low_R2_0.25,0.2,2.4,0.002055930778297632,0.01331386243215912,0.002055930778297632,0.00465675470261183,0.0026008239243141976
low_R2_0.25,0.2,2.5,0.002055930778297632,0.01331386243215912,0.002055930778297632,0.00455436022506122,0.002498429446763588
low_R2_0.25,0.2,2.6,0.002055930778297632,0.01331386243215912,0.002055930778297632,0.004457590746427677,0.0024016599681300444
low_R2_0.25,0.2,2.7,0.002055930778297632,0.01331386243215912,0.002055930778297632,0.0043660208325411514,0.0023100900542435193
low_R2_0.25,0.2,2.8,0.002055930778297632,0.01331386243215912,0.002055930778297632,0.0042792669852784754,0.0022233362069808433
low_R2_0.25,0.2,2.9,0.002055930778297632,0.01331386243215912,0.002055930778297632,0.004196982497866537,0.002141051719568905
low_R2_0.25,0.2,3.0,0.002055930778297632,0.01331386243215912,0.002055930778297632,0.004118853067250254,0.0020629222889526223
low_R2_0.25,0.2,3.1,0.002055930778297632,0.01331386243215912,0.002055930778297632,0.004044593033744987,0.0019886622554473547
low_R2_0.25,0.2,3.2,0.002055930778297632,0.01331386243215912,0.002055930778297632,0.003973942143517591,0.0019180113652199592
low_R2_0.25,0.2,3.3,0.002055930778297632,0.01331386243215912,0.002055930778297632,0.003906662749242083,0.0018507319709444511
low_R2_0.25,0.2,3.4,0.002055930778297632,0.01331386243215912,0.002055930778297632,0.0038425373798813525,0.0017866066015837204
low_R2_0.25,0.2,3.5,0.002055930778297632,0.01331386243215912,0.002055930778297632,0.0037813666229350794,0.0017254358446374472
low_R2_0.25,0.2,3.6,0.002055930778297632,0.01331386243215912,0.002055930778297632,0.0037229672723967802,0.001667036494099148
low_R2_0.25,0.2,3.7,0.002055930778297632,0.01331386243215912,0.002055930778297632,0.003667170703629618,0.001611239925331986
low_R2_0.25,0.2,3.8,0.002055930778297632,0.01331386243215912,0.002055930778297632,0.0036138214428186838,0.0015578906645210516
low_R2_0.25,0.2,3.9,0.002055930778297632,0.01331386243215912,0.002055930778297632,0.0035627759039061156,0.0015068451256084834
low_R2_0.25,0.2,4.0,0.002055930778297632,0.01331386243215912,0.002055930778297632,0.0035139012702109056,0.0014579704919132734
low_R2_0.25,0.2,4.1,0.002055930778297632,0.01331386243215912,0.002055930778297632,0.00346707450146848,0.001411143723170848
low_R2_0.25,0.2,4.2,0.002055930778297632,0.01331386243215912,0.002055930778297632,0.0034221814499454844,0.0013662506716478522
low_R2_0.25,0.2,4.3,0.002055930778297632,0.01331386243215912,0.002055930778297632,0.003379116071709964,0.001323185293412332
low_R2_0.25,0.2,4.4,0.002055930778297632,0.01331386243215912,0.002055930778297632,0.0033377797211592074,0.0012818489428615752
low_R2_0.25,0.2,4.5,0.002055930778297632,0.01331386243215912,0.002055930778297632,0.003298080518600763,0.001242149740303131
low_R2_0.25,0.2,4.6,0.002055930778297632,0.01331386243215912,0.002055930778297632,0.0032599327821055102,0.001204002003807878
low_R2_0.25,0.2,4.7,0.002055930778297632,0.01331386243215912,0.002055930778297632,0.003223256516052843,0.001167325737755211
low_R2_0.25,0.2,4.8,0.002055930778297632,0.01331386243215912,0.002055930778297632,0.0031879769498051893,0.0011320461715075571
low_R2_0.25,0.2,4.9,0.002055930778297632,0.01331386243215912,0.002055930778297632,0.0031540241208133655,0.0010980933425157333
low_R2_0.25,0.2,5.0,0.002055930778297632,0.01331386243215912,0.002055930778297632,0.0031213324971912683,0.0010654017188936361
low_R2_0.25,0.25,0.1,0.0030369456388437176,0.013212504488846996,0.0030369456388437176,0.011967033605525458,0.008930087966681741
low_R2_0.25,0.25,0.2,0.0030369456388437176,0.013212504488846996,0.0030369456388437176,0.011095592606782329,0.00805864696793861
low_R2_0.25,0.25,0.3,0.0030369456388437176,0.013212504488846996,0.0030369456388437176,0.010403923182604144,0.007366977543760427
low_R2_0.25,0.25,0.4,0.0030369456388437176,0.013212504488846996,0.0030369456388437176,0.009829029131143646,0.006792083492299928
low_R2_0.25,0.25,0.5,0.0030369456388437176,0.013212504488846996,0.0030369456388437176,0.009337877211854863,0.0063009315730111455
low_R2_0.25,0.25,0.6,0.0030369456388437176,0.013212504488846996,0.0030369456388437176,0.008910332844102475,0.005873387205258758
low_R2_0.25,0.25,0.7,0.0030369456388437176,0.013212504488846996,0.0030369456388437176,0.008532999884584313,0.005496054245740596
low_R2_0.25,0.25,0.8,0.0030369456388437176,0.013212504488846996,0.0030369456388437176,0.008196423245308,0.0051594776064642816
low_R2_0.25,0.25,0.9,0.0030369456388437176,0.013212504488846996,0.0030369456388437176,0.007893636690523833,0.004856691051680116
low_R2_0.25,0.25,1.0,0.0030369456388437176,0.013212504488846996,0.0030369456388437176,0.007619336736764939,0.004582391097921221
low_R2_0.25,0.25,1.1,0.0030369456388437176,0.013212504488846996,0.0030369456388437176,0.0073693798804599355,0.004332434241616218
low_R2_0.25,0.25,1.2,0.0030369456388437176,0.013212504488846996,0.0030369456388437176,0.007140460181412746,0.004103514542569029
low_R2_0.25,0.25,1.3,0.0030369456388437176,0.013212504488846996,0.0030369456388437176,0.0069298936729095,0.0038929480340657826
low_R2_0.25,0.25,1.4,0.0030369456388437176,0.013212504488846996,0.0030369456388437176,0.006735469173895803,0.0036985235350520855
low_R2_0.25,0.25,1.5,0.0030369456388437176,0.013212504488846996,0.0030369456388437176,0.0065553420490283175,0.0035183964101846
low_R2_0.25,0.25,1.6,0.0030369456388437176,0.013212504488846996,0.0030369456388437176,0.006387956688905454,0.003351011050061736
low_R2_0.25,0.25,1.7,0.0030369456388437176,0.013212504488846996,0.0030369456388437176,0.0062319887498749355,0.003195043111031218
low_R2_0.25,0.25,1.8,0.0030369456388437176,0.013212504488846996,0.0030369456388437176,0.00608630132613677,0.0030493556872930525
low_R2_0.25,0.25,1.9,0.0030369456388437176,0.013212504488846996,0.0030369456388437176,0.005949911157870666,0.002912965519026948
low_R2_0.25,0.25,2.0,0.0030369456388437176,0.013212504488846996,0.0030369456388437176,0.005821962206221249,0.0027850165673775316
low_R2_0.25,0.25,2.1,0.0030369456388437176,0.013212504488846996,0.0030369456388437176,0.005701704727012473,0.0026647590881687553
low_R2_0.25,0.25,2.2,0.0030369456388437176,0.013212504488846996,0.0030369456388437176,0.005588478510551189,0.0025515328717074714
low_R2_0.25,0.25,2.3,0.0030369456388437176,0.013212504488846996,0.0030369456388437176,0.005481699320515352,0.002444753681671634
low_R2_0.25,0.25,2.4,0.0030369456388437176,0.013212504488846996,0.0030369456388437176,0.005380847819371412,0.0023439021805276945
low_R2_0.25,0.25,2.5,0.0030369456388437176,0.013212504488846996,0.0030369456388437176,0.005285460447902046,0.002248514809058328
low_R2_0.25,0.25,2.6,0.0030369456388437176,0.013212504488846996,0.0030369456388437176,0.005195121855952173,0.0021581762171084557
low_R2_0.25,0.25,2.7,0.0030369456388437176,0.013212504488846996,0.0030369456388437176,0.005109458575967252,0.0020725129371235345
low_R2_0.25,0.25,2.8,0.0030369456388437176,0.013212504488846996,0.0030369456388437176,0.005028133700693397,0.0019911880618496795
low_R2_0.25,0.25,2.9,0.0030369456388437176,0.013212504488846996,0.0030369456388437176,0.004950842378595593,0.0019138967397518752
low_R2_0.25,0.25,3.0,0.0030369456388437176,0.013212504488846996,0.0030369456388437176,0.004877307980001916,0.0018403623411581988
low_R2_0.25,0.25,3.1,0.0030369456388437176,0.013212504488846996,0.0030369456388437176,0.004807278817111113,0.0017703331782673954
low_R2_0.25,0.25,3.2,0.0030369456388437176,0.013212504488846996,0.0030369456388437176,0.0047405253242288675,0.0017035796853851499
low_R2_0.25,0.25,3.3,0.0030369456388437176,0.013212504488846996,0.0030369456388437176,0.004676837622663498,0.00163989198381978
low_R2_0.25,0.25,3.4,0.0030369456388437176,0.013212504488846996,0.0030369456388437176,0.004616023408877485,0.0015790777700337676
low_R2_0.25,0.25,3.5,0.0030369456388437176,0.013212504488846996,0.0030369456388437176,0.004557906115684458,0.0015209604768407405
low_R2_0.25,0.25,3.6,0.0030369456388437176,0.013212504488846996,0.0030369456388437176,0.004502323305189256,0.0014653776663455381
low_R2_0.25,0.25,3.7,0.0030369456388437176,0.013212504488846996,0.0030369456388437176,0.004449125259306086,0.0014121796204623685
low_R2_0.25,0.25,3.8,0.0030369456388437176,0.013212504488846996,0.0030369456388437176,0.004398173739444756,0.0013612281006010387
low_R2_0.25,0.25,3.9,0.0030369456388437176,0.013212504488846996,0.0030369456388437176,0.004349340891622956,0.0013123952527792386
low_R2_0.25,0.25,4.0,0.0030369456388437176,0.013212504488846996,0.0030369456388437176,0.004302508277070572,0.0012655626382268546
low_R2_0.25,0.25,4.1,0.0030369456388437176,0.013212504488846996,0.0030369456388437176,0.004257566011514607,0.0012206203726708893
low_R2_0.25,0.25,4.2,0.0030369456388437176,0.013212504488846996,0.0030369456388437176,0.004214411998907318,0.0011774663600636007
low_R2_0.25,0.25,4.3,0.0030369456388437176,0.013212504488846996,0.0030369456388437176,0.004172951247491638,0.00113600560864792
low_R2_0.25,0.25,4.4,0.0030369456388437176,0.013212504488846996,0.0030369456388437176,0.004133095257871457,0.001096149619027739
low_R2_0.25,0.25,4.5,0.0030369456388437176,0.013212504488846996,0.0030369456388437176,0.004094761474236074,0.0010578158353923561
low_R2_0.25,0.25,4.6,0.0030369456388437176,0.013212504488846996,0.0030369456388437176,0.004057872791131258,0.0010209271522875407
low_R2_0.25,0.25,4.7,0.0030369456388437176,0.013212504488846996,0.0030369456388437176,0.004022357109216536,0.0009854114703728182
low_R2_0.25,0.25,4.8,0.0030369456388437176,0.013212504488846996,0.0030369456388437176,0.003988146934333545,0.0009512012954898275
low_R2_0.25,0.25,4.9,0.0030369456388437176,0.013212504488846996,0.0030369456388437176,0.00395517901496143,0.0009182333761177126
low_R2_0.25,0.25,5.0,0.0030369456388437176,0.013212504488846996,0.0030369456388437176,0.003923394013774695,0.0008864483749309775
low_R2_0.25,0.3,0.1,0.004938875633349032,0.012284585144592361,0.004938875633349032,0.011265345299826073,0.0063264696664770415
low_R2_0.25,0.3,0.2,0.004938875633349032,0.012284585144592361,0.004938875633349032,0.010533057761254388,0.005594182127905356
low_R2_0.25,0.3,0.3,0.004938875633349032,0.012284585144592361,0.004938875633349032,0.009948995084910952,0.00501011945156192
low_R2_0.25,0.3,0.4,0.004938875633349032,0.012284585144592361,0.004938875633349032,0.009463850460635626,0.0045249748272865944
low_R2_0.25,0.3,0.5,0.004938875633349032,0.012284585144592361,0.004938875633349032,0.00905085677065026,0.004111981137301228
low_R2_0.25,0.3,0.6,0.004938875633349032,0.012284585144592361,0.004938875633349032,0.00869321128338407,0.003754335650035039
low_R2_0.25,0.3,0.7,0.004938875633349032,0.012284585144592361,0.004938875633349032,0.008379476130962685,0.0034406004976136537
low_R2_0.25,0.3,0.8,0.004938875633349032,0.012284585144592361,0.004938875633349032,0.008101441155355073,0.0031625655220060417
low_R2_0.25,0.3,0.9,0.004938875633349032,0.012284585144592361,0.004938875633349032,0.007852984709590729,0.0029141090762416968
low_R2_0.25,0.3,1.0,0.004938875633349032,0.012284585144592361,0.004938875633349032,0.007629408610837944,0.0026905329774889125
low_R2_0.25,0.3,1.1,0.004938875633349032,0.012284585144592361,0.004938875633349032,0.007427023723875062,0.00248814809052603
low_R2_0.25,0.3,1.2,0.004938875633349032,0.012284585144592361,0.004938875633349032,0.007242878651856568,0.0023040030185075364
low_R2_0.25,0.3,1.3,0.004938875633349032,0.012284585144592361,0.004938875633349032,0.007074575081184031,0.0021356994478349996
low_R2_0.25,0.3,1.4,0.004938875633349032,0.012284585144592361,0.004938875633349032,0.006920138085301869,0.0019812624519528373
low_R2_0.25,0.3,1.5,0.004938875633349032,0.012284585144592361,0.004938875633349032,0.006777922620672438,0.0018390469873234066
low_R2_0.25,0.3,1.6,0.004938875633349032,0.012284585144592361,0.004938875633349032,0.006646544611542422,0.0017076689781933899
low_R2_0.25,0.3,1.7,0.004938875633349032,0.012284585144592361,0.004938875633349032,0.00652482918626131,0.0015859535529122787
low_R2_0.25,0.3,1.8,0.004938875633349032,0.012284585144592361,0.004938875633349032,0.00641177115086586,0.0014728955175168281
low_R2_0.25,0.3,1.9,0.004938875633349032,0.012284585144592361,0.004938875633349032,0.006306504366778738,0.001367628733429706
low_R2_0.25,0.3,2.0,0.004938875633349032,0.012284585144592361,0.004938875633349032,0.006208277719992021,0.001269402086642989
low_R2_0.25,0.3,2.1,0.004938875633349032,0.012284585144592361,0.004938875633349032,0.006116436044882211,0.0011775604115331793
low_R2_0.25,0.3,2.2,0.004938875633349032,0.012284585144592361,0.004938875633349032,0.006030404823477976,0.0010915291901289446
low_R2_0.25,0.3,2.3,0.004938875633349032,0.012284585144592361,0.004938875633349032,0.005949677797209804,0.001010802163860772
low_R2_0.25,0.3,2.4,0.004938875633349032,0.012284585144592361,0.004938875633349032,0.005873806850565785,0.0009349312172167532
low_R2_0.25,0.3,2.5,0.004938875633349032,0.012284585144592361,0.004938875633349032,0.005802393685018418,0.0008635180516693864
low_R2_0.25,0.3,2.6,0.004938875633349032,0.012284585144592361,0.004938875633349032,0.005735082916836945,0.000796207283487913
low_R2_0.25,0.3,2.7,0.004938875633349032,0.012284585144592361,0.004938875633349032,0.00567155631707826,0.0007326806837292281
low_R2_0.25,0.3,2.8,0.004938875633349032,0.012284585144592361,0.004938875633349032,0.005611527975020706,0.0006726523416716746
low_R2_0.25,0.3,2.9,0.004938875633349032,0.012284585144592361,0.004938875633349032,0.005554740213655304,0.0006158645803062725
low_R2_0.25,0.3,3.0,0.004938875633349032,0.012284585144592361,0.004938875633349032,0.005500960121818896,0.0005620844884698644
low_R2_0.25,0.3,3.1,0.004938875633349032,0.012284585144592361,0.004938875633349032,0.00544997659513773,0.0005111009617886986
low_R2_0.25,0.3,3.2,0.004938875633349032,0.012284585144592361,0.004938875633349032,0.005401597799290013,0.00046272216594098105
low_R2_0.25,0.3,3.3,0.004938875633349032,0.012284585144592361,0.004938875633349032,0.005355648985740718,0.00041677335239168663
low_R2_0.25,0.3,3.4,0.004938875633349032,0.012284585144592361,0.004938875633349032,0.005311970603184249,0.0003730949698352174
low_R2_0.25,0.3,3.5,0.004938875633349032,0.012284585144592361,0.004938875633349032,0.005270416658286459,0.0003315410249374274
low_R2_0.25,0.3,3.6,0.004938875633349032,0.012284585144592361,0.004938875633349032,0.005230853287570878,0.0002919776542218465
low_R2_0.25,0.3,3.7,0.004938875633349032,0.012284585144592361,0.004938875633349032,0.005193157508912845,0.0002542818755638136
low_R2_0.25,0.3,3.8,0.004938875633349032,0.012284585144592361,0.004938875633349032,0.0051572161264456,0.00021834049309656794
low_R2_0.25,0.3,3.9,0.004938875633349032,0.012284585144592361,0.004938875633349032,0.005122924767014983,0.00018404913366595107
low_R2_0.25,0.3,4.0,0.004938875633349032,0.012284585144592361,0.004938875633349032,0.00509018702985364,0.00015131139650460812
low_R2_0.25,0.3,4.1,0.004938875633349032,0.012284585144592361,0.004938875633349032,0.005058913734042867,0.00012003810069383548
low_R2_0.25,0.3,4.2,0.004938875633349032,0.012284585144592361,0.004938875633349032,0.005029022250716927,9.014661736789567e-05
low_R2_0.25,0.3,4.3,0.004938875633349032,0.012284585144592361,0.004938875633349032,0.005000435908939652,6.15602755906202e-05
low_R2_0.25,0.3,4.4,0.004938875633349032,0.012284585144592361,0.004938875633349032,0.00497308346582459,3.4207832475558614e-05
low_R2_0.25,0.3,4.5,0.004938875633349032,0.012284585144592361,0.004938875633349032,0.004946898632839842,8.022999490810319e-06
low_R2_0.25,0.3,4.6,0.004938875633349032,0.012284585144592361,0.004938875633349032,0.004921819651386455,-1.705598196257655e-05
low_R2_0.25,0.3,4.7,0.004938875633349032,0.012284585144592361,0.004938875633349032,0.004897788911704571,-4.108672164446041e-05
low_R2_0.25,0.3,4.8,0.004938875633349032,0.012284585144592361,0.004938875633349032,0.004874752609976295,-6.412302337273704e-05
low_R2_0.25,0.3,4.9,0.004938875633349032,0.012284585144592361,0.004938875633349032,0.0048526604391843,-8.621519416473176e-05
low_R2_0.25,0.3,5.0,0.004938875633349032,0.012284585144592361,0.004938875633349032,0.0048314653098717195,-0.00010741032347731227
low_R2_0.25,0.35,0.1,0.007052845927400366,0.015016337435178122,0.007052845927400366,0.013989941396683764,0.0069370954692833985
low_R2_0.25,0.35,0.2,0.007052845927400366,0.015016337435178122,0.007052845927400366,0.013245421560842867,0.006192575633442501
low_R2_0.25,0.35,0.3,0.007052845927400366,0.015016337435178122,0.007052845927400366,0.012635745577744238,0.005582899650343872
low_R2_0.25,0.35,0.4,0.007052845927400366,0.015016337435178122,0.007052845927400366,0.012117448231641596,0.00506460230424123
low_R2_0.25,0.35,0.5,0.007052845927400366,0.015016337435178122,0.007052845927400366,0.011667249193155154,0.004614403265754788
low_R2_0.25,0.35,0.6,0.007052845927400366,0.015016337435178122,0.007052845927400366,0.011270448210360766,0.0042176022829604
low_R2_0.25,0.35,0.7,0.007052845927400366,0.015016337435178122,0.007052845927400366,0.010916913719993064,0.0038640677925926977
low_R2_0.25,0.35,0.8,0.007052845927400366,0.015016337435178122,0.007052845927400366,0.010599261580084398,0.0035464156526840316
low_R2_0.25,0.35,0.9,0.007052845927400366,0.015016337435178122,0.007052845927400366,0.010311894623969363,0.0032590486965689966
low_R2_0.25,0.35,1.0,0.007052845927400366,0.015016337435178122,0.007052845927400366,0.01005044418908903,0.0029975982616886635
low_R2_0.25,0.35,1.1,0.007052845927400366,0.015016337435178122,0.007052845927400366,0.009811421936150188,0.0027585760087498216
low_R2_0.25,0.35,1.2,0.007052845927400366,0.015016337435178122,0.007052845927400366,0.009591991053875763,0.0025391451264753966
low_R2_0.25,0.35,1.3,0.007052845927400366,0.015016337435178122,0.007052845927400366,0.009389809587657809,0.0023369636602574425
low_R2_0.25,0.35,1.4,0.007052845927400366,0.015016337435178122,0.007052845927400366,0.009202919530732183,0.0021500736033318165
low_R2_0.25,0.35,1.5,0.007052845927400366,0.015016337435178122,0.007052845927400366,0.009029666130283068,0.0019768202028827018
low_R2_0.25,0.35,1.6,0.007052845927400366,0.015016337435178122,0.007052845927400366,0.008868637811774096,0.0018157918843737303
low_R2_0.25,0.35,1.7,0.007052845927400366,0.015016337435178122,0.007052845927400366,0.00871862056921905,0.0016657746418186842
low_R2_0.25,0.35,1.8,0.007052845927400366,0.015016337435178122,0.007052845927400366,0.008578562748714526,0.0015257168213141598
low_R2_0.25,0.35,1.9,0.007052845927400366,0.015016337435178122,0.007052845927400366,0.008447547453999185,0.0013947015265988192
low_R2_0.25,0.35,2.0,0.007052845927400366,0.015016337435178122,0.007052845927400366,0.00832477064280647,0.001271924715406104
low_R2_0.25,0.35,2.1,0.007052845927400366,0.015016337435178122,0.007052845927400366,0.00820952353972278,0.0011566776123224142
low_R2_0.25,0.35,2.2,0.007052845927400366,0.015016337435178122,0.007052845927400366,0.008101178369361403,0.0010483324419610371
low_R2_0.25,0.35,2.3,0.007052845927400366,0.015016337435178122,0.007052845927400366,0.007999176675773375,0.000946330748373009
low_R2_0.25,0.35,2.4,0.007052845927400366,0.015016337435178122,0.007052845927400366,0.0079030196791444,0.0008501737517440334
low_R2_0.25,0.35,2.5,0.007052845927400366,0.015016337435178122,0.007052845927400366,0.007812260253790876,0.00075941432639051
low_R2_0.25,0.35,2.6,0.007052845927400366,0.015016337435178122,0.007052845927400366,0.007726496208421187,0.0006736502810208208
low_R2_0.25,0.35,2.7,0.007052845927400366,0.015016337435178122,0.007052845927400366,0.007645364621299342,0.0005925186938989758
low_R2_0.25,0.35,2.8,0.007052845927400366,0.015016337435178122,0.007052845927400366,0.007568537036595618,0.0005156911091952522
low_R2_0.25,0.35,2.9,0.007052845927400366,0.015016337435178122,0.007052845927400366,0.007495715368826826,0.00044286944142645987
low_R2_0.25,0.35,3.0,0.007052845927400366,0.015016337435178122,0.007052845927400366,0.007426628393366137,0.00037378246596577076
low_R2_0.25,0.35,3.1,0.007052845927400366,0.015016337435178122,0.007052845927400366,0.00736102872501114,0.00030818279761077403
low_R2_0.25,0.35,3.2,0.007052845927400366,0.015016337435178122,0.007052845927400366,0.007298690205313127,0.0002458442779127608
low_R2_0.25,0.35,3.3,0.007052845927400366,0.015016337435178122,0.007052845927400366,0.007239405634079624,0.00018655970667925785
low_R2_0.25,0.35,3.4,0.007052845927400366,0.015016337435178122,0.007052845927400366,0.007182984792112449,0.00013013886471208332
low_R2_0.25,0.35,3.5,0.007052845927400366,0.015016337435178122,0.007052845927400366,0.007129252711537891,7.64067841375251e-05
low_R2_0.25,0.35,3.6,0.007052845927400366,0.015016337435178122,0.007052845927400366,0.007078048157550232,2.520223014986639e-05
low_R2_0.25,0.35,3.7,0.007052845927400366,0.015016337435178122,0.007052845927400366,0.00702922229142299,-2.362363597737619e-05
low_R2_0.25,0.35,3.8,0.007052845927400366,0.015016337435178122,0.007052845927400366,0.006982637489547203,-7.0208437853163e-05
low_R2_0.25,0.35,3.9,0.007052845927400366,0.015016337435178122,0.007052845927400366,0.0069381662972662584,-0.00011467963013410756
low_R2_0.25,0.35,4.0,0.007052845927400366,0.015016337435178122,0.007052845927400366,0.006895690499572364,-0.00015715542782800216
low_R2_0.25,0.35,4.1,0.007052845927400366,0.015016337435178122,0.007052845927400366,0.006855100293451892,-0.00019774563394847362
low_R2_0.25,0.35,4.2,0.007052845927400366,0.015016337435178122,0.007052845927400366,0.006816293548925533,-0.0002365523784748332
low_R2_0.25,0.35,4.3,0.007052845927400366,0.015016337435178122,0.007052845927400366,0.0067791751477119765,-0.00027367077968838954
low_R2_0.25,0.35,4.4,0.007052845927400366,0.015016337435178122,0.007052845927400366,0.0067436563900197125,-0.0003091895373806535
low_R2_0.25,0.35,4.5,0.007052845927400366,0.015016337435178122,0.007052845927400366,0.006709654461295954,-0.00034319146610441165
low_R2_0.25,0.35,4.6,0.007052845927400366,0.015016337435178122,0.007052845927400366,0.006677091951878983,-0.0003757539755213828
low_R2_0.25,0.35,4.7,0.007052845927400366,0.015016337435178122,0.007052845927400366,0.006645896423446154,-0.0004069495039542119
low_R2_0.25,0.35,4.8,0.007052845927400366,0.015016337435178122,0.007052845927400366,0.006616000016953632,-0.00043684591044673357
low_R2_0.25,0.35,4.9,0.007052845927400366,0.015016337435178122,0.007052845927400366,0.006587339097449023,-0.000465506829951343
low_R2_0.25,0.35,5.0,0.007052845927400366,0.015016337435178122,0.007052845927400366,0.00655985393172405,-0.0004929919956763156
low_R2_0.25,0.4,0.1,0.010608067006441988,0.012636899585278699,0.010608067006441988,0.01185451363373721,0.0012464466272952227
low_R2_0.25,0.4,0.2,0.010608067006441988,0.012636899585278699,0.010608067006441988,0.011331637614873605,0.0007235706084316174
low_R2_0.25,0.4,0.3,0.010608067006441988,0.012636899585278699,0.010608067006441988,0.010909585461357906,0.00030151845491591805
low_R2_0.25,0.4,0.4,0.010608067006441988,0.012636899585278699,0.010608067006441988,0.010554113567916574,-5.395343852541458e-05
low_R2_0.25,0.4,0.5,0.010608067006441988,0.012636899585278699,0.010608067006441988,0.01024823339779217,-0.0003598336086498184
low_R2_0.25,0.4,0.6,0.010608067006441988,0.012636899585278699,0.010608067006441988,0.009981408024982652,-0.0006266589814593361
low_R2_0.25,0.4,0.7,0.010608067006441988,0.012636899585278699,0.010608067006441988,0.009746369503799106,-0.000861697502642882
low_R2_0.25,0.4,0.8,0.010608067006441988,0.012636899585278699,0.010608067006441988,0.009537785786866553,-0.0010702812195754353
low_R2_0.25,0.4,0.9,0.010608067006441988,0.012636899585278699,0.010608067006441988,0.009351583128776344,-0.0012564838776656442
low_R2_0.25,0.4,1.0,0.010608067006441988,0.012636899585278699,0.010608067006441988,0.009184557524830609,-0.0014235094816113791
low_R2_0.25,0.4,1.1,0.010608067006441988,0.012636899585278699,0.010608067006441988,0.009034132996445128,-0.00157393400999686
low_R2_0.25,0.4,1.2,0.010608067006441988,0.012636899585278699,0.010608067006441988,0.008898202184567532,-0.0017098648218744558
low_R2_0.25,0.4,1.3,0.010608067006441988,0.012636899585278699,0.010608067006441988,0.008775016502110489,-0.0018330505043314994
low_R2_0.25,0.4,1.4,0.010608067006441988,0.012636899585278699,0.010608067006441988,0.008663107793727537,-0.0019449592127144515
low_R2_0.25,0.4,1.5,0.010608067006441988,0.012636899585278699,0.010608067006441988,0.008561230899480174,-0.002046836106961814
low_R2_0.25,0.4,1.6,0.010608067006441988,0.012636899585278699,0.010608067006441988,0.00846832057290573,-0.0021397464335362586
low_R2_0.25,0.4,1.7,0.010608067006441988,0.012636899585278699,0.010608067006441988,0.008383458539871592,-0.0022246084665703963
low_R2_0.25,0.4,1.8,0.010608067006441988,0.012636899585278699,0.010608067006441988,0.008305847894512395,-0.0023022191119295935
low_R2_0.25,0.4,1.9,0.010608067006441988,0.012636899585278699,0.010608067006441988,0.00823479291302747,-0.0023732740934145173
low_R2_0.25,0.4,2.0,0.010608067006441988,0.012636899585278699,0.010608067006441988,0.008169682939344494,-0.0024383840670974943
low_R2_0.25,0.4,2.1,0.010608067006441988,0.012636899585278699,0.010608067006441988,0.008109979378664903,-0.002498087627777085
low_R2_0.25,0.4,2.2,0.010608067006441988,0.012636899585278699,0.010608067006441988,0.00805520509570884,-0.0025528619107331486
low_R2_0.25,0.4,2.3,0.010608067006441988,0.012636899585278699,0.010608067006441988,0.008004935696335938,-0.00260313131010605
low_R2_0.25,0.4,2.4,0.010608067006441988,0.012636899585278699,0.010608067006441988,0.007958792300421902,-0.0026492747060200862
low_R2_0.25,0.4,2.5,0.010608067006441988,0.012636899585278699,0.010608067006441988,0.007916435507206594,-0.0026916314992353942
low_R2_0.25,0.4,2.6,0.010608067006441988,0.012636899585278699,0.010608067006441988,0.007877560322769636,-0.002730506683672352
low_R2_0.25,0.4,2.7,0.010608067006441988,0.012636899585278699,0.010608067006441988,0.007841891870156048,-0.00276617513628594
low_R2_0.25,0.4,2.8,0.010608067006441988,0.012636899585278699,0.010608067006441988,0.007809181740946178,-0.0027988852654958103
low_R2_0.25,0.4,2.9,0.010608067006441988,0.012636899585278699,0.010608067006441988,0.0077792048761829175,-0.0028288621302590706
low_R2_0.25,0.4,3.0,0.010608067006441988,0.012636899585278699,0.010608067006441988,0.007751756886952458,-0.00285631011948953
low_R2_0.25,0.4,3.1,0.010608067006441988,0.012636899585278699,0.010608067006441988,0.007726651742283529,-0.002881415264158459
low_R2_0.25,0.4,3.2,0.010608067006441988,0.012636899585278699,0.010608067006441988,0.00770371976562558,-0.0029043472408164083
low_R2_0.25,0.4,3.3,0.010608067006441988,0.012636899585278699,0.010608067006441988,0.007682805891894774,-0.002925261114547214
low_R2_0.25,0.4,3.4,0.010608067006441988,0.012636899585278699,0.010608067006441988,0.007663768145606331,-0.002944298860835657
low_R2_0.25,0.4,3.5,0.010608067006441988,0.012636899585278699,0.010608067006441988,0.007646476307440997,-0.002961590699000991
low_R2_0.25,0.4,3.6,0.010608067006441988,0.012636899585278699,0.010608067006441988,0.007630810742097223,-0.002977256264344765
low_R2_0.25,0.4,3.7,0.010608067006441988,0.012636899585278699,0.010608067006441988,0.007616661364743429,-0.002991405641698559
low_R2_0.25,0.4,3.8,0.010608067006441988,0.012636899585278699,0.010608067006441988,0.007603926727024387,-0.003004140279417601
low_R2_0.25,0.4,3.9,0.010608067006441988,0.012636899585278699,0.010608067006441988,0.007592513206560335,-0.003015553799881653
low_R2_0.25,0.4,4.0,0.010608067006441988,0.012636899585278699,0.010608067006441988,0.0075823342863372166,-0.0030257327201047715
low_R2_0.25,0.4,4.1,0.010608067006441988,0.012636899585278699,0.010608067006441988,0.00757330991242373,-0.0030347570940182584
low_R2_0.25,0.4,4.2,0.010608067006441988,0.012636899585278699,0.010608067006441988,0.007565365920145807,-0.0030427010862961812
low_R2_0.25,0.4,4.3,0.010608067006441988,0.012636899585278699,0.010608067006441988,0.007558433520265512,-0.003049633486176476
low_R2_0.25,0.4,4.4,0.010608067006441988,0.012636899585278699,0.010608067006441988,0.007552448837899771,-0.003055618168542217
low_R2_0.25,0.4,4.5,0.010608067006441988,0.012636899585278699,0.010608067006441988,0.0075473524979153776,-0.0030607145085266105
low_R2_0.25,0.4,4.6,0.010608067006441988,0.012636899585278699,0.010608067006441988,0.0075430892513831515,-0.0030649777550588366
low_R2_0.25,0.4,4.7,0.010608067006441988,0.012636899585278699,0.010608067006441988,0.007539607638392345,-0.003068459368049643
low_R2_0.25,0.4,4.8,0.010608067006441988,0.012636899585278699,0.010608067006441988,0.00753685968313779,-0.003071207323304198
low_R2_0.25,0.4,4.9,0.010608067006441988,0.012636899585278699,0.010608067006441988,0.0075348006177147035,-0.0030732663887272846
low_R2_0.25,0.4,5.0,0.010608067006441988,0.012636899585278699,0.010608067006441988,0.00753338863150346,-0.003074678374938528
low_R2_0.25,0.45,0.1,0.015416329519309387,0.013200604783403869,0.013200604783403869,0.012850179503112947,-0.0003504252802909221
low_R2_0.25,0.45,0.2,0.015416329519309387,0.013200604783403869,0.013200604783403869,0.012586415213739663,-0.0006141895696642058
low_R2_0.25,0.45,0.3,0.015416329519309387,0.013200604783403869,0.013200604783403869,0.012351397013007697,-0.0008492077703961716
low_R2_0.25,0.45,0.4,0.015416329519309387,0.013200604783403869,0.013200604783403869,0.012140141368162584,-0.0010604634152412851
low_R2_0.25,0.45,0.5,0.015416329519309387,0.013200604783403869,0.013200604783403869,0.011949499654010499,-0.00125110512939337
low_R2_0.25,0.45,0.6,0.015416329519309387,0.013200604783403869,0.013200604783403869,0.011776900089213324,-0.001423704694190545
low_R2_0.25,0.45,0.7,0.015416329519309387,0.013200604783403869,0.013200604783403869,0.01162017973425402,-0.001580425049149849
low_R2_0.25,0.45,0.8,0.015416329519309387,0.013200604783403869,0.013200604783403869,0.011477510117534177,-0.0017230946658696924
low_R2_0.25,0.45,0.9,0.015416329519309387,0.013200604783403869,0.013200604783403869,0.01134733883626332,-0.0018532659471405498
low_R2_0.25,0.45,1.0,0.015416329519309387,0.013200604783403869,0.013200604783403869,0.011228340712393148,-0.0019722640710107212
low_R2_0.25,0.45,1.1,0.015416329519309387,0.013200604783403869,0.013200604783403869,0.01111937763994628,-0.0020812271434575893
low_R2_0.25,0.45,1.2,0.015416329519309387,0.013200604783403869,0.013200604783403869,0.011019466053178726,-0.0021811387302251434
low_R2_0.25,0.45,1.3,0.015416329519309387,0.013200604783403869,0.013200604783403869,0.010927750726648195,-0.0022728540567556743
low_R2_0.25,0.45,1.4,0.015416329519309387,0.013200604783403869,0.013200604783403869,0.010843483678330738,-0.002357121105073131
low_R2_0.25,0.45,1.5,0.015416329519309387,0.013200604783403869,0.013200604783403869,0.010766007127079619,-0.0024345976563242503
low_R2_0.25,0.45,1.6,0.015416329519309387,0.013200604783403869,0.013200604783403869,0.01069473965530647,-0.0025058651280973985
low_R2_0.25,0.45,1.7,0.015416329519309387,0.013200604783403869,0.013200604783403869,0.010629164906358003,-0.0025714398770458665
low_R2_0.25,0.45,1.8,0.015416329519309387,0.013200604783403869,0.013200604783403869,0.010568822292864249,-0.0026317824905396203
low_R2_0.25,0.45,1.9,0.015416329519309387,0.013200604783403869,0.013200604783403869,0.01051329930836713,-0.0026873054750367383
low_R2_0.25,0.45,2.0,0.015416329519309387,0.013200604783403869,0.013200604783403869,0.010462225124572703,-0.002738379658831166
low_R2_0.25,0.45,2.1,0.015416329519309387,0.013200604783403869,0.013200604783403869,0.01041526522588969,-0.0027853395575141784
low_R2_0.25,0.45,2.2,0.015416329519309387,0.013200604783403869,0.013200604783403869,0.010372116886184918,-0.0028284878972189512
low_R2_0.25,0.45,2.3,0.015416329519309387,0.013200604783403869,0.013200604783403869,0.010332505333680853,-0.0028680994497230165
low_R2_0.25,0.45,2.4,0.015416329519309387,0.013200604783403869,0.013200604783403869,0.010296180481579167,-0.0029044243018247016
low_R2_0.25,0.45,2.5,0.015416329519309387,0.013200604783403869,0.013200604783403869,0.010262914126556872,-0.0029376906568469967
low_R2_0.25,0.45,2.6,0.015416329519309387,0.013200604783403869,0.013200604783403869,0.010232497536440089,-0.0029681072469637804
low_R2_0.25,0.45,2.7,0.015416329519309387,0.013200604783403869,0.013200604783403869,0.010204739363388645,-0.0029958654200152243
low_R2_0.25,0.45,2.8,0.015416329519309387,0.013200604783403869,0.013200604783403869,0.010179463830781292,-0.0030211409526225766
low_R2_0.25,0.45,2.9,0.015416329519309387,0.013200604783403869,0.013200604783403869,0.010156509151400876,-0.0030440956320029935
low_R2_0.25,0.45,3.0,0.015416329519309387,0.013200604783403869,0.013200604783403869,0.010135726142028968,-0.003064878641374901
low_R2_0.25,0.45,3.1,0.015416329519309387,0.013200604783403869,0.013200604783403869,0.010116977005588093,-0.0030836277778157756
low_R2_0.25,0.45,3.2,0.015416329519309387,0.013200604783403869,0.013200604783403869,0.010100134256835534,-0.003100470526568335
low_R2_0.25,0.45,3.3,0.015416329519309387,0.013200604783403869,0.013200604783403869,0.010085079771561289,-0.00311552501184258
low_R2_0.25,0.45,3.4,0.015416329519309387,0.013200604783403869,0.013200604783403869,0.010071703942463386,-0.0031289008409404826
low_R2_0.25,0.45,3.5,0.015416329519309387,0.013200604783403869,0.013200604783403869,0.010059904927514036,-0.0031406998558898332
low_R2_0.25,0.45,3.6,0.015416329519309387,0.013200604783403869,0.013200604783403869,0.010049587978804902,-0.003151016804598967
low_R2_0.25,0.45,3.7,0.015416329519309387,0.013200604783403869,0.013200604783403869,0.010040664841659433,-0.0031599399417444364
low_R2_0.25,0.45,3.8,0.015416329519309387,0.013200604783403869,0.013200604783403869,0.010033053215296359,-0.00316755156810751
low_R2_0.25,0.45,3.9,0.015416329519309387,0.013200604783403869,0.013200604783403869,0.010026676267577238,-0.003173928515826631
low_R2_0.25,0.45,4.0,0.015416329519309387,0.013200604783403869,0.013200604783403869,0.010021462197417997,-0.003179142585985872
low_R2_0.25,0.45,4.1,0.015416329519309387,0.013200604783403869,0.013200604783403869,0.010017343839325439,-0.0031832609440784303
low_R2_0.25,0.45,4.2,0.015416329519309387,0.013200604783403869,0.013200604783403869,0.010014258305264175,-0.003186346478139694
low_R2_0.25,0.45,4.3,0.015416329519309387,0.013200604783403869,0.013200604783403869,0.010012146659690585,-0.0031884581237132843
low_R2_0.25,0.45,4.4,0.015416329519309387,0.013200604783403869,0.013200604783403869,0.010010953624127612,-0.003189651159276257
low_R2_0.25,0.45,4.5,0.015416329519309387,0.013200604783403869,0.013200604783403869,0.010010627308112785,-0.0031899774752910844
low_R2_0.25,0.45,4.6,0.015416329519309387,0.013200604783403869,0.013200604783403869,0.01001111896374475,-0.003189485819659119
low_R2_0.25,0.45,4.7,0.015416329519309387,0.013200604783403869,0.013200604783403869,0.010012382761391308,-0.003188222022012561
low_R2_0.25,0.45,4.8,0.015416329519309387,0.013200604783403869,0.013200604783403869,0.01001437558441286,-0.003186229198991008
low_R2_0.25,0.45,4.9,0.015416329519309387,0.013200604783403869,0.013200604783403869,0.010017056841006898,-0.0031835479423969713
low_R2_0.25,0.45,5.0,0.015416329519309387,0.013200604783403869,0.013200604783403869,0.010020388291497173,-0.0031802164919066955
low_R2_0.25,0.5,0.1,0.02182339008700575,0.014131789445865447,0.014131789445865447,0.013917597558180308,-0.00021419188768513966
low_R2_0.25,0.5,0.2,0.02182339008700575,0.014131789445865447,0.014131789445865447,0.01374380209740477,-0.0003879873484606781
low_R2_0.25,0.5,0.3,0.02182339008700575,0.014131789445865447,0.014131789445865447,0.013595214951387477,-0.0005365744944779705
low_R2_0.25,0.5,0.4,0.02182339008700575,0.014131789445865447,0.014131789445865447,0.013466340351782855,-0.0006654490940825927
low_R2_0.25,0.5,0.5,0.02182339008700575,0.014131789445865447,0.014131789445865447,0.013353847613617994,-0.000777941832247454
low_R2_0.25,0.5,0.6,0.02182339008700575,0.014131789445865447,0.014131789445865447,0.013255349177001545,-0.0008764402688639025
low_R2_0.25,0.5,0.7,0.02182339008700575,0.014131789445865447,0.014131789445865447,0.0131689890042351,-0.0009628004416303466
low_R2_0.25,0.5,0.8,0.02182339008700575,0.014131789445865447,0.014131789445865447,0.01309326294526964,-0.0010385265005958075
low_R2_0.25,0.5,0.9,0.02182339008700575,0.014131789445865447,0.014131789445865447,0.013026922134288027,-0.0011048673115774208
low_R2_0.25,0.5,1.0,0.02182339008700575,0.014131789445865447,0.014131789445865447,0.012968912990589046,-0.0011628764552764018
low_R2_0.25,0.5,1.1,0.02182339008700575,0.014131789445865447,0.014131789445865447,0.012918336307047962,-0.001213453138817485
low_R2_0.25,0.5,1.2,0.02182339008700575,0.014131789445865447,0.014131789445865447,0.01287441762965043,-0.0012573718162150176
low_R2_0.25,0.5,1.3,0.02182339008700575,0.014131789445865447,0.014131789445865447,0.012836484944993717,-0.00129530450087173
low_R2_0.25,0.5,1.4,0.02182339008700575,0.014131789445865447,0.014131789445865447,0.012803951404345745,-0.0013278380415197022
low_R2_0.25,0.5,1.5,0.02182339008700575,0.014131789445865447,0.014131789445865447,0.012776301675337602,-0.0013554877705278454
low_R2_0.25,0.5,1.6,0.02182339008700575,0.014131789445865447,0.014131789445865447,0.012753080990835858,-0.0013787084550295897
low_R2_0.25,0.5,1.7,0.02182339008700575,0.014131789445865447,0.014131789445865447,0.012733886251333086,-0.0013979031945323614
low_R2_0.25,0.5,1.8,0.02182339008700575,0.014131789445865447,0.014131789445865447,0.012718358719851882,-0.0014134307260135655
low_R2_0.25,0.5,1.9,0.02182339008700575,0.014131789445865447,0.014131789445865447,0.012706177970292252,-0.0014256114755731956
low_R2_0.25,0.5,2.0,0.02182339008700575,0.014131789445865447,0.014131789445865447,0.012697056834574364,-0.001434732611291083
low_R2_0.25,0.5,2.1,0.02182339008700575,0.014131789445865447,0.014131789445865447,0.012690737154074974,-0.0014410522917904737
low_R2_0.25,0.5,2.2,0.02182339008700575,0.014131789445865447,0.014131789445865447,0.012686986184697277,-0.0014448032611681701
low_R2_0.25,0.5,2.3,0.02182339008700575,0.014131789445865447,0.014131789445865447,0.012685593537471713,-0.0014461959083937343
low_R2_0.25,0.5,2.4,0.02182339008700575,0.014131789445865447,0.014131789445865447,0.01268636856114204,-0.0014454208847234067
low_R2_0.25,0.5,2.5,0.02182339008700575,0.014131789445865447,0.014131789445865447,0.012689138091959866,-0.0014426513539055816
low_R2_0.25,0.5,2.6,0.02182339008700575,0.014131789445865447,0.014131789445865447,0.012693744510421098,-0.0014380449354443499
low_R2_0.25,0.5,2.7,0.02182339008700575,0.014131789445865447,0.014131789445865447,0.012700044056010258,-0.0014317453898551897
low_R2_0.25,0.5,2.8,0.02182339008700575,0.014131789445865447,0.014131789445865447,0.012707905359948797,-0.0014238840859166508
low_R2_0.25,0.5,2.9,0.02182339008700575,0.014131789445865447,0.014131789445865447,0.012717208163039171,-0.0014145812828262761
low_R2_0.25,0.5,3.0,0.02182339008700575,0.014131789445865447,0.014131789445865447,0.012727842191375821,-0.0014039472544896264
low_R2_0.25,0.5,3.1,0.02182339008700575,0.014131789445865447,0.014131789445865447,0.01273970616727177,-0.0013920832785936782
low_R2_0.25,0.5,3.2,0.02182339008700575,0.014131789445865447,0.014131789445865447,0.012752706936462075,-0.0013790825094033721
low_R2_0.25,0.5,3.3,0.02182339008700575,0.014131789445865447,0.014131789445865447,0.012766758695674483,-0.0013650307501909646
low_R2_0.25,0.5,3.4,0.02182339008700575,0.014131789445865447,0.014131789445865447,0.012781782307142553,-0.0013500071387228946
low_R2_0.25,0.5,3.5,0.02182339008700575,0.014131789445865447,0.014131789445865447,0.012797704688685683,-0.0013340847571797643
low_R2_0.25,0.5,3.6,0.02182339008700575,0.014131789445865447,0.014131789445865447,0.01281445826967843,-0.0013173311761870178
low_R2_0.25,0.5,3.7,0.02182339008700575,0.014131789445865447,0.014131789445865447,0.012831980504645043,-0.001299808941220405
low_R2_0.25,0.5,3.8,0.02182339008700575,0.014131789445865447,0.014131789445865447,0.012850213437397038,-0.0012815760084684095
low_R2_0.25,0.5,3.9,0.02182339008700575,0.014131789445865447,0.014131789445865447,0.012869103309623655,-0.0012626861362417929
low_R2_0.25,0.5,4.0,0.02182339008700575,0.014131789445865447,0.014131789445865447,0.012888600208681341,-0.0012431892371841061
low_R2_0.25,0.5,4.1,0.02182339008700575,0.014131789445865447,0.014131789445865447,0.01290865775003582,-0.0012231316958296271
low_R2_0.25,0.5,4.2,0.02182339008700575,0.014131789445865447,0.014131789445865447,0.012929232790410767,-0.0012025566554546806
low_R2_0.25,0.5,4.3,0.02182339008700575,0.014131789445865447,0.014131789445865447,0.012950285168208817,-0.0011815042776566302
low_R2_0.25,0.5,4.4,0.02182339008700575,0.014131789445865447,0.014131789445865447,0.012971777468207721,-0.0011600119776577263
low_R2_0.25,0.5,4.5,0.02182339008700575,0.014131789445865447,0.014131789445865447,0.012993674807909306,-0.0011381146379561419
low_R2_0.25,0.5,4.6,0.02182339008700575,0.014131789445865447,0.014131789445865447,0.013015944643241127,-0.0011158448026243207
low_R2_0.25,0.5,4.7,0.02182339008700575,0.014131789445865447,0.014131789445865447,0.013038556591588547,-0.0010932328542769005
low_R2_0.25,0.5,4.8,0.02182339008700575,0.014131789445865447,0.014131789445865447,0.013061482270375189,-0.001070307175490259
low_R2_0.25,0.5,4.9,0.02182339008700575,0.014131789445865447,0.014131789445865447,0.013084695149617964,-0.0010470942962474833
low_R2_0.25,0.5,5.0,0.02182339008700575,0.014131789445865447,0.014131789445865447,0.013108170417063867,-0.0010236190288015808
low_R2_0.25,0.55,0.1,0.033894012216147844,0.012192802901575189,0.012192802901575189,0.012420070099054463,0.000227267197479274
low_R2_0.25,0.55,0.2,0.033894012216147844,0.012192802901575189,0.012192802901575189,0.012521311229504417,0.00032850832792922884
low_R2_0.25,0.55,0.3,0.033894012216147844,0.012192802901575189,0.012192802901575189,0.012597167991272366,0.00040436508969717705
low_R2_0.25,0.55,0.4,0.033894012216147844,0.012192802901575189,0.012192802901575189,0.012660634777398405,0.0004678318758232162
low_R2_0.25,0.55,0.5,0.033894012216147844,0.012192802901575189,0.012192802901575189,0.012717628372823224,0.000524825471248035
low_R2_0.25,0.55,0.6,0.033894012216147844,0.012192802901575189,0.012192802901575189,0.012771377422091963,0.0005785745205167739
low_R2_0.25,0.55,0.7,0.033894012216147844,0.012192802901575189,0.012192802901575189,0.012823774400224006,0.0006309714986488177
low_R2_0.25,0.55,0.8,0.033894012216147844,0.012192802901575189,0.012192802901575189,0.012875968446546942,0.000683165544971753
low_R2_0.25,0.55,0.9,0.033894012216147844,0.012192802901575189,0.012192802901575189,0.012928666653836808,0.0007358637522616191
low_R2_0.25,0.55,1.0,0.033894012216147844,0.012192802901575189,0.012192802901575189,0.01298230114734345,0.0007894982457682612
low_R2_0.25,0.55,1.1,0.033894012216147844,0.012192802901575189,0.012192802901575189,0.013037127522645412,0.0008443246210702235
low_R2_0.25,0.55,1.2,0.033894012216147844,0.012192802901575189,0.012192802901575189,0.013093285527971702,0.0009004826263965138
low_R2_0.25,0.55,1.3,0.033894012216147844,0.012192802901575189,0.012192802901575189,0.013150837808028702,0.0009580349064535129
low_R2_0.25,0.55,1.4,0.033894012216147844,0.012192802901575189,0.012192802901575189,0.013209795335242582,0.0010169924336673932
low_R2_0.25,0.55,1.5,0.033894012216147844,0.012192802901575189,0.012192802901575189,0.013270134473313292,0.0010773315717381039
low_R2_0.25,0.55,1.6,0.033894012216147844,0.012192802901575189,0.012192802901575189,0.013331808626073536,0.001139005724498347
low_R2_0.25,0.55,1.7,0.033894012216147844,0.012192802901575189,0.012192802901575189,0.013394756296438212,0.0012019533948630229
low_R2_0.25,0.55,1.8,0.033894012216147844,0.012192802901575189,0.012192802901575189,0.013458906716227487,0.001266103814652298
low_R2_0.25,0.55,1.9,0.033894012216147844,0.012192802901575189,0.012192802901575189,0.013524183803836092,0.0013313809022609032
low_R2_0.25,0.55,2.0,0.033894012216147844,0.012192802901575189,0.012192802901575189,0.013590508954094655,0.0013977060525194665
low_R2_0.25,0.55,2.1,0.033894012216147844,0.012192802901575189,0.012192802901575189,0.013657803002673144,0.0014650001010979557
low_R2_0.25,0.55,2.2,0.033894012216147844,0.012192802901575189,0.012192802901575189,0.013725987601220898,0.0015331846996457094
low_R2_0.25,0.55,2.3,0.033894012216147844,0.012192802901575189,0.012192802901575189,0.013794986168527949,0.0016021832669527603
low_R2_0.25,0.55,2.4,0.033894012216147844,0.012192802901575189,0.012192802901575189,0.013864724534813853,0.0016719216332386645
low_R2_0.25,0.55,2.5,0.033894012216147844,0.012192802901575189,0.012192802901575189,0.013935131363015914,0.0017423284614407255
low_R2_0.25,0.55,2.6,0.033894012216147844,0.012192802901575189,0.012192802901575189,0.014006138407710783,0.0018133355061355945
low_R2_0.25,0.55,2.7,0.033894012216147844,0.012192802901575189,0.012192802901575189,0.014077680655856824,0.0018848777542816355
low_R2_0.25,0.55,2.8,0.033894012216147844,0.012192802901575189,0.012192802901575189,0.014149696381777647,0.001956893480202459
low_R2_0.25,0.55,2.9,0.033894012216147844,0.012192802901575189,0.012192802901575189,0.014222127140306032,0.002029324238730843
low_R2_0.25,0.55,3.0,0.033894012216147844,0.012192802901575189,0.012192802901575189,0.01429491771581241,0.0021021148142372215
low_R2_0.25,0.55,3.1,0.033894012216147844,0.012192802901575189,0.012192802901575189,0.014368016040292232,0.0021752131387170436
low_R2_0.25,0.55,3.2,0.033894012216147844,0.012192802901575189,0.012192802901575189,0.014441373090322444,0.0022485701887472558
low_R2_0.25,0.55,3.3,0.033894012216147844,0.012192802901575189,0.012192802901575189,0.014514942770194885,0.002322139868619696
low_R2_0.25,0.55,3.4,0.033894012216147844,0.012192802901575189,0.012192802901575189,0.014588681786663319,0.00239587888508813
low_R2_0.25,0.55,3.5,0.033894012216147844,0.012192802901575189,0.012192802901575189,0.014662549519335842,0.0024697466177606535
low_R2_0.25,0.55,3.6,0.033894012216147844,0.012192802901575189,0.012192802901575189,0.014736507889685566,0.0025437049881103773
low_R2_0.25,0.55,3.7,0.033894012216147844,0.012192802901575189,0.012192802901575189,0.014810521230852426,0.002617718329277237
low_R2_0.25,0.55,3.8,0.033894012216147844,0.012192802901575189,0.012192802901575189,0.014884556159803393,0.0026917532582282043
low_R2_0.25,0.55,3.9,0.033894012216147844,0.012192802901575189,0.012192802901575189,0.01495858145295949,0.002765778551384301
low_R2_0.25,0.55,4.0,0.033894012216147844,0.012192802901575189,0.012192802901575189,0.015032567926050622,0.002839765024475433
low_R2_0.25,0.55,4.1,0.033894012216147844,0.012192802901575189,0.012192802901575189,0.015106488318696265,0.0029136854171210765
low_R2_0.25,0.55,4.2,0.033894012216147844,0.012192802901575189,0.012192802901575189,0.01518031718401203,0.0029875142824368414
low_R2_0.25,0.55,4.3,0.033894012216147844,0.012192802901575189,0.012192802901575189,0.015254030783393248,0.0030612278818180592
low_R2_0.25,0.55,4.4,0.033894012216147844,0.012192802901575189,0.012192802901575189,0.015327606986516,0.003134804084940811
low_R2_0.25,0.55,4.5,0.033894012216147844,0.012192802901575189,0.012192802901575189,0.0154010251765142,0.003208222274939011
low_R2_0.25,0.55,4.6,0.033894012216147844,0.012192802901575189,0.012192802901575189,0.015474266160231941,0.0032814632586567524
low_R2_0.25,0.55,4.7,0.033894012216147844,0.012192802901575189,0.012192802901575189,0.01554731208340802,0.003354509181832832
low_R2_0.25,0.55,4.8,0.033894012216147844,0.012192802901575189,0.012192802901575189,0.015620146350620324,0.0034273434490451355
low_R2_0.25,0.55,4.9,0.033894012216147844,0.012192802901575189,0.012192802901575189,0.015692753549798755,0.0034999506482235668
low_R2_0.25,0.55,5.0,0.033894012216147844,0.012192802901575189,0.012192802901575189,0.01576511938110362,0.00357231647952843
low_R2_0.25,0.6,0.1,0.05122563294913471,0.013207430938868572,0.013207430938868572,0.013728792300082142,0.0005213613612135692
low_R2_0.25,0.6,0.2,0.05122563294913471,0.013207430938868572,0.013207430938868572,0.014063248742415812,0.0008558178035472392
low_R2_0.25,0.6,0.3,0.05122563294913471,0.013207430938868572,0.013207430938868572,0.014337900661696804,0.0011304697228282316
low_R2_0.25,0.6,0.4,0.05122563294913471,0.013207430938868572,0.013207430938868572,0.014578309095578954,0.0013708781567103815
low_R2_0.25,0.6,0.5,0.05122563294913471,0.013207430938868572,0.013207430938868572,0.014796488958237309,0.0015890580193687366
low_R2_0.25,0.6,0.6,0.05122563294913471,0.013207430938868572,0.013207430938868572,0.01499922020521808,0.001791789266349507
low_R2_0.25,0.6,0.7,0.05122563294913471,0.013207430938868572,0.013207430938868572,0.01519071635996675,0.0019832854210981785
low_R2_0.25,0.6,0.8,0.05122563294913471,0.013207430938868572,0.013207430938868572,0.01537376078480558,0.0021663298459370078
low_R2_0.25,0.6,0.9,0.05122563294913471,0.013207430938868572,0.013207430938868572,0.015550271810936586,0.002342840872068014
low_R2_0.25,0.6,1.0,0.05122563294913471,0.013207430938868572,0.013207430938868572,0.01572161361485686,0.0025141826759882864
low_R2_0.25,0.6,1.1,0.05122563294913471,0.013207430938868572,0.013207430938868572,0.015888779887210283,0.0026813489483417108
low_R2_0.25,0.6,1.2,0.05122563294913471,0.013207430938868572,0.013207430938868572,0.01605250831089124,0.0028450773720226676
low_R2_0.25,0.6,1.3,0.05122563294913471,0.013207430938868572,0.013207430938868572,0.01621335495346855,0.0030059240145999776
low_R2_0.25,0.6,1.4,0.05122563294913471,0.013207430938868572,0.013207430938868572,0.01637174425703846,0.003164313318169888
low_R2_0.25,0.6,1.5,0.05122563294913471,0.013207430938868572,0.013207430938868572,0.016528003566753425,0.0033205726278848526
low_R2_0.25,0.6,1.6,0.05122563294913471,0.013207430938868572,0.013207430938868572,0.016682387534372553,0.0034749565955039807
low_R2_0.25,0.6,1.7,0.05122563294913471,0.013207430938868572,0.013207430938868572,0.016835095704888944,0.0036276647660203713
low_R2_0.25,0.6,1.8,0.05122563294913471,0.013207430938868572,0.013207430938868572,0.016986285403656202,0.00377885446478763
low_R2_0.25,0.6,1.9,0.05122563294913471,0.013207430938868572,0.013207430938868572,0.01713608131698525,0.003928650378116679
low_R2_0.25,0.6,2.0,0.05122563294913471,0.013207430938868572,0.013207430938868572,0.017284582704596964,0.0040771517657283915
low_R2_0.25,0.6,2.1,0.05122563294913471,0.013207430938868572,0.013207430938868572,0.017431868889335858,0.004224437950467286
low_R2_0.25,0.6,2.2,0.05122563294913471,0.013207430938868572,0.013207430938868572,0.01757800347624259,0.0043705725373740165
low_R2_0.25,0.6,2.3,0.05122563294913471,0.013207430938868572,0.013207430938868572,0.01772303762286566,0.0045156066839970865
low_R2_0.25,0.6,2.4,0.05122563294913471,0.013207430938868572,0.013207430938868572,0.017867012593337634,0.004659581654469062
low_R2_0.25,0.6,2.5,0.05122563294913471,0.013207430938868572,0.013207430938868572,0.018009961766400906,0.004802530827532334
low_R2_0.25,0.6,2.6,0.05122563294913471,0.013207430938868572,0.013207430938868572,0.01815191222342026,0.004944481284551688
low_R2_0.25,0.6,2.7,0.05122563294913471,0.013207430938868572,0.013207430938868572,0.018292886010728815,0.005085455071860243
low_R2_0.25,0.6,2.8,0.05122563294913471,0.013207430938868572,0.013207430938868572,0.018432901147622943,0.005225470208754371
low_R2_0.25,0.6,2.9,0.05122563294913471,0.013207430938868572,0.013207430938868572,0.018571972434394853,0.00536454149552628
low_R2_0.25,0.6,3.0,0.05122563294913471,0.013207430938868572,0.013207430938868572,0.01871011210222155,0.005502681163352979
low_R2_0.25,0.6,3.1,0.05122563294913471,0.013207430938868572,0.013207430938868572,0.018847330337305453,0.005639899398436881
low_R2_0.25,0.6,3.2,0.05122563294913471,0.013207430938868572,0.013207430938868572,0.018983635704534898,0.0057762047656663255
low_R2_0.25,0.6,3.3,0.05122563294913471,0.013207430938868572,0.013207430938868572,0.019119035490499394,0.005911604551630822
low_R2_0.25,0.6,3.4,0.05122563294913471,0.013207430938868572,0.013207430938868572,0.0192535359815201,0.006046105042651528
low_R2_0.25,0.6,3.5,0.05122563294913471,0.013207430938868572,0.013207430938868572,0.01938714268912748,0.006179711750258908
low_R2_0.25,0.6,3.6,0.05122563294913471,0.013207430938868572,0.013207430938868572,0.01951986053290404,0.006312429594035468
low_R2_0.25,0.6,3.7,0.05122563294913471,0.013207430938868572,0.013207430938868572,0.019651693988641136,0.006444263049772563
low_R2_0.25,0.6,3.8,0.05122563294913471,0.013207430938868572,0.013207430938868572,0.019782647208207618,0.006575216269339046
low_R2_0.25,0.6,3.9,0.05122563294913471,0.013207430938868572,0.013207430938868572,0.019912724116300136,0.0067052931774315636
low_R2_0.25,0.6,4.0,0.05122563294913471,0.013207430938868572,0.013207430938868572,0.02004192848826727,0.0068344975493986986
low_R2_0.25,0.6,4.1,0.05122563294913471,0.013207430938868572,0.013207430938868572,0.020170264012418594,0.006962833073550022
low_R2_0.25,0.6,4.2,0.05122563294913471,0.013207430938868572,0.013207430938868572,0.02029773433960235,0.007090303400733779
low_R2_0.25,0.6,4.3,0.05122563294913471,0.013207430938868572,0.013207430938868572,0.02042434312232983,0.007216912183461259
low_R2_0.25,0.6,4.4,0.05122563294913471,0.013207430938868572,0.013207430938868572,0.02055009404531544,0.007342663106446868
low_R2_0.25,0.6,4.5,0.05122563294913471,0.013207430938868572,0.013207430938868572,0.020674990848969187,0.007467559910100615
low_R2_0.25,0.6,4.6,0.05122563294913471,0.013207430938868572,0.013207430938868572,0.020799037347107693,0.00759160640823912
low_R2_0.25,0.6,4.7,0.05122563294913471,0.013207430938868572,0.013207430938868572,0.020922237439928777,0.007714806501060205
low_R2_0.25,0.6,4.8,0.05122563294913471,0.013207430938868572,0.013207430938868572,0.021044595123113366,0.007837164184244794
low_R2_0.25,0.6,4.9,0.05122563294913471,0.013207430938868572,0.013207430938868572,0.021166114493769563,0.00795868355490099
low_R2_0.25,0.6,5.0,0.05122563294913471,0.013207430938868572,0.013207430938868572,0.02128679975381115,0.008079368814942579
low_R2_0.25,0.65,0.1,0.07724742413018895,0.014312843106692189,0.014312843106692189,0.014810385481447544,0.0004975423747553553
low_R2_0.25,0.65,0.2,0.07724742413018895,0.014312843106692189,0.014312843106692189,0.015171872393464436,0.0008590292867722473
low_R2_0.25,0.65,0.3,0.07724742413018895,0.014312843106692189,0.014312843106692189,0.015476311932098764,0.0011634688254065755
low_R2_0.25,0.65,0.4,0.07724742413018895,0.014312843106692189,0.014312843106692189,0.015750039861405118,0.0014371967547129293
low_R2_0.25,0.65,0.5,0.07724742413018895,0.014312843106692189,0.014312843106692189,0.01600493449814339,0.001692091391451201
low_R2_0.25,0.65,0.6,0.07724742413018895,0.014312843106692189,0.014312843106692189,0.01624737579478559,0.001934532688093401
low_R2_0.25,0.65,0.7,0.07724742413018895,0.014312843106692189,0.014312843106692189,0.016481151083118213,0.0021683079764260246
low_R2_0.25,0.65,0.8,0.07724742413018895,0.014312843106692189,0.014312843106692189,0.01670865988908377,0.0023958167823915806
low_R2_0.25,0.65,0.9,0.07724742413018895,0.014312843106692189,0.014312843106692189,0.016931493231229573,0.002618650124537384
low_R2_0.25,0.65,1.0,0.07724742413018895,0.014312843106692189,0.014312843106692189,0.01715074160669895,0.00283789850000676
low_R2_0.25,0.65,1.1,0.07724742413018895,0.014312843106692189,0.014312843106692189,0.017367171162111644,0.0030543280554194557
low_R2_0.25,0.65,1.2,0.07724742413018895,0.014312843106692189,0.014312843106692189,0.01758133025147186,0.0032684871447796714
low_R2_0.25,0.65,1.3,0.07724742413018895,0.014312843106692189,0.014312843106692189,0.01779361679246248,0.0034807736857702908
low_R2_0.25,0.65,1.4,0.07724742413018895,0.014312843106692189,0.014312843106692189,0.018004322389518705,0.0036914792828265167
low_R2_0.25,0.65,1.5,0.07724742413018895,0.014312843106692189,0.014312843106692189,0.018213662101245934,0.0039008189945537453
low_R2_0.25,0.65,1.6,0.07724742413018895,0.014312843106692189,0.014312843106692189,0.018421795024381148,0.004108951917688959
low_R2_0.25,0.65,1.7,0.07724742413018895,0.014312843106692189,0.014312843106692189,0.018628838828125587,0.004315995721433399
low_R2_0.25,0.65,1.8,0.07724742413018895,0.014312843106692189,0.014312843106692189,0.018834880201905862,0.004522037095213673
low_R2_0.25,0.65,1.9,0.07724742413018895,0.014312843106692189,0.014312843106692189,0.019039982481977694,0.004727139375285506
low_R2_0.25,0.65,2.0,0.07724742413018895,0.014312843106692189,0.014312843106692189,0.0192441912931591,0.00493134818646691
low_R2_0.25,0.65,2.1,0.07724742413018895,0.014312843106692189,0.014312843106692189,0.01944753877060039,0.005134695663908201
low_R2_0.25,0.65,2.2,0.07724742413018895,0.014312843106692189,0.014312843106692189,0.019650046750638594,0.005337203643946405
low_R2_0.25,0.65,2.3,0.07724742413018895,0.014312843106692189,0.014312843106692189,0.019851729203326316,0.005538886096634128
low_R2_0.25,0.65,2.4,0.07724742413018895,0.014312843106692189,0.014312843106692189,0.020052594100597395,0.0057397509939052065
low_R2_0.25,0.65,2.5,0.07724742413018895,0.014312843106692189,0.014312843106692189,0.02025264486001339,0.005939801753321202
low_R2_0.25,0.65,2.6,0.07724742413018895,0.014312843106692189,0.014312843106692189,0.02045188146633519,0.006139038359643002
low_R2_0.25,0.65,2.7,0.07724742413018895,0.014312843106692189,0.014312843106692189,0.02065030134647508,0.006337458239782892
low_R2_0.25,0.65,2.8,0.07724742413018895,0.014312843106692189,0.014312843106692189,0.020847900054243203,0.006535056947551014
low_R2_0.25,0.65,2.9,0.07724742413018895,0.014312843106692189,0.014312843106692189,0.021044671807409564,0.006731828700717375
low_R2_0.25,0.65,3.0,0.07724742413018895,0.014312843106692189,0.014312843106692189,0.021240609909409017,0.006927766802716829
low_R2_0.25,0.65,3.1,0.07724742413018895,0.014312843106692189,0.014312843106692189,0.021435707080461292,0.007122863973769104
low_R2_0.25,0.65,3.2,0.07724742413018895,0.014312843106692189,0.014312843106692189,0.021629955717226375,0.007317112610534186
low_R2_0.25,0.65,3.3,0.07724742413018895,0.014312843106692189,0.014312843106692189,0.021823348095851357,0.007510504989159169
low_R2_0.25,0.65,3.4,0.07724742413018895,0.014312843106692189,0.014312843106692189,0.022015876530021683,0.0077030334233294945
low_R2_0.25,0.65,3.5,0.07724742413018895,0.014312843106692189,0.014312843106692189,0.02220753349314554,0.007894690386453351
low_R2_0.25,0.65,3.6,0.07724742413018895,0.014312843106692189,0.014312843106692189,0.022398311711883424,0.008085468605191236
low_R2_0.25,0.65,3.7,0.07724742413018895,0.014312843106692189,0.014312843106692189,0.02258820423674736,0.00827536113005517
low_R2_0.25,0.65,3.8,0.07724742413018895,0.014312843106692189,0.014312843106692189,0.022777204494332518,0.00846436138764033
low_R2_0.25,0.65,3.9,0.07724742413018895,0.014312843106692189,0.014312843106692189,0.022965306324831743,0.008652463218139554
low_R2_0.25,0.65,4.0,0.07724742413018895,0.014312843106692189,0.014312843106692189,0.02315250400776374,0.00883966090107155
low_R2_0.25,0.65,4.1,0.07724742413018895,0.014312843106692189,0.014312843106692189,0.02333879227827471,0.009025949171582521
low_R2_0.25,0.65,4.2,0.07724742413018895,0.014312843106692189,0.014312843106692189,0.023524166335918754,0.009211323229226565
low_R2_0.25,0.65,4.3,0.07724742413018895,0.014312843106692189,0.014312843106692189,0.0237086218474584,0.009395778740766213
low_R2_0.25,0.65,4.4,0.07724742413018895,0.014312843106692189,0.014312843106692189,0.023892154944935164,0.009579311838242975
low_R2_0.25,0.65,4.5,0.07724742413018895,0.014312843106692189,0.014312843106692189,0.024074762220024457,0.009761919113332268
low_R2_0.25,0.65,4.6,0.07724742413018895,0.014312843106692189,0.014312843106692189,0.024256440715499362,0.009943597608807173
low_R2_0.25,0.65,4.7,0.07724742413018895,0.014312843106692189,0.014312843106692189,0.024437187914473628,0.01012434480778144
low_R2_0.25,0.65,4.8,0.07724742413018895,0.014312843106692189,0.014312843106692189,0.02461700172796902,0.010304158621276833
low_R2_0.25,0.65,4.9,0.07724742413018895,0.014312843106692189,0.014312843106692189,0.024795880481250122,0.010483037374557934
low_R2_0.25,0.65,5.0,0.07724742413018895,0.014312843106692189,0.014312843106692189,0.024973822899286395,0.010660979792594207
low_R2_0.25,0.7,0.1,0.12165535991565153,0.013266515859323683,0.013266515859323683,0.013677542585046693,0.00041102672572300956
low_R2_0.25,0.7,0.2,0.12165535991565153,0.013266515859323683,0.013266515859323683,0.01405723410897463,0.0007907182496509468
low_R2_0.25,0.7,0.3,0.12165535991565153,0.013266515859323683,0.013266515859323683,0.014422935276487766,0.0011564194171640833
low_R2_0.25,0.7,0.4,0.12165535991565153,0.013266515859323683,0.013266515859323683,0.014779781915031378,0.0015132660557076946
low_R2_0.25,0.7,0.5,0.12165535991565153,0.013266515859323683,0.013266515859323683,0.015130386702983471,0.001863870843659788
low_R2_0.25,0.7,0.6,0.12165535991565153,0.013266515859323683,0.013266515859323683,0.015476337881572058,0.002209822022248375
low_R2_0.25,0.7,0.7,0.12165535991565153,0.013266515859323683,0.013266515859323683,0.015818683153980627,0.002552167294656944
low_R2_0.25,0.7,0.8,0.12165535991565153,0.013266515859323683,0.013266515859323683,0.01615814568945685,0.0028916298301331685
low_R2_0.25,0.7,0.9,0.12165535991565153,0.013266515859323683,0.013266515859323683,0.01649523861866547,0.0032287227593417855
low_R2_0.25,0.7,1.0,0.12165535991565153,0.013266515859323683,0.013266515859323683,0.01683033232374208,0.0035638164644183987
low_R2_0.25,0.7,1.1,0.12165535991565153,0.013266515859323683,0.013266515859323683,0.01716369678927762,0.0038971809299539386
low_R2_0.25,0.7,1.2,0.12165535991565153,0.013266515859323683,0.013266515859323683,0.01749552959336305,0.004229013734039366
low_R2_0.25,0.7,1.3,0.12165535991565153,0.013266515859323683,0.013266515859323683,0.017825975101009865,0.0045594592416861816
low_R2_0.25,0.7,1.4,0.12165535991565153,0.013266515859323683,0.013266515859323683,0.018155138008156397,0.004888622148832714
low_R2_0.25,0.7,1.5,0.12165535991565153,0.013266515859323683,0.013266515859323683,0.018483093121033915,0.005216577261710232
low_R2_0.25,0.7,1.6,0.12165535991565153,0.013266515859323683,0.013266515859323683,0.01880989255050762,0.005543376691183937
low_R2_0.25,0.7,1.7,0.12165535991565153,0.013266515859323683,0.013266515859323683,0.019135571086836604,0.0058690552275129215
low_R2_0.25,0.7,1.8,0.12165535991565153,0.013266515859323683,0.013266515859323683,0.01946015026669829,0.006193634407374608
low_R2_0.25,0.7,1.9,0.12165535991565153,0.013266515859323683,0.013266515859323683,0.019783641483556373,0.00651712562423269
low_R2_0.25,0.7,2.0,0.12165535991565153,0.013266515859323683,0.013266515859323683,0.020106048387487228,0.006839532528163545
low_R2_0.25,0.7,2.1,0.12165535991565153,0.013266515859323683,0.013266515859323683,0.020427368750286057,0.007160852890962374
low_R2_0.25,0.7,2.2,0.12165535991565153,0.013266515859323683,0.013266515859323683,0.02074759592354795,0.007481080064224268
low_R2_0.25,0.7,2.3,0.12165535991565153,0.013266515859323683,0.013266515859323683,0.021066719983823277,0.0078002041244995945
low_R2_0.25,0.7,2.4,0.12165535991565153,0.013266515859323683,0.013266515859323683,0.021384728635087946,0.008118212775764263
low_R2_0.25,0.7,2.5,0.12165535991565153,0.013266515859323683,0.013266515859323683,0.021701607921563115,0.008435092062239432
low_R2_0.25,0.7,2.6,0.12165535991565153,0.013266515859323683,0.013266515859323683,0.022017342791339448,0.008750826932015765
low_R2_0.25,0.7,2.7,0.12165535991565153,0.013266515859323683,0.013266515859323683,0.02233191754194981,0.009065401682626128
low_R2_0.25,0.7,2.8,0.12165535991565153,0.013266515859323683,0.013266515859323683,0.022645316172064264,0.009378800312740581
low_R2_0.25,0.7,2.9,0.12165535991565153,0.013266515859323683,0.013266515859323683,0.022957522658211025,0.009691006798887342
low_R2_0.25,0.7,3.0,0.12165535991565153,0.013266515859323683,0.013266515859323683,0.023268521171405203,0.01000200531208152
low_R2_0.25,0.7,3.1,0.12165535991565153,0.013266515859323683,0.013266515859323683,0.02357829624547142,0.010311780386147737
low_R2_0.25,0.7,3.2,0.12165535991565153,0.013266515859323683,0.013266515859323683,0.023886832906446023,0.01062031704712234
low_R2_0.25,0.7,3.3,0.12165535991565153,0.013266515859323683,0.013266515859323683,0.024194116770569596,0.010927600911245913
low_R2_0.25,0.7,3.4,0.12165535991565153,0.013266515859323683,0.013266515859323683,0.02450013411690615,0.011233618257582468
low_R2_0.25,0.7,3.5,0.12165535991565153,0.013266515859323683,0.013266515859323683,0.024804871939460186,0.011538356080136503
low_R2_0.25,0.7,3.6,0.12165535991565153,0.013266515859323683,0.013266515859323683,0.025108317982735502,0.01184180212341182
low_R2_0.25,0.7,3.7,0.12165535991565153,0.013266515859323683,0.013266515859323683,0.025410460763939317,0.012143944904615634
low_R2_0.25,0.7,3.8,0.12165535991565153,0.013266515859323683,0.013266515859323683,0.02571128958444009,0.012444773725116405
low_R2_0.25,0.7,3.9,0.12165535991565153,0.013266515859323683,0.013266515859323683,0.026010794532608444,0.01274427867328476
low_R2_0.25,0.7,4.0,0.12165535991565153,0.013266515859323683,0.013266515859323683,0.026308966479781964,0.01304245062045828
low_R2_0.25,0.7,4.1,0.12165535991565153,0.013266515859323683,0.013266515859323683,0.02660579707077966,0.013339281211455977
low_R2_0.25,0.7,4.2,0.12165535991565153,0.013266515859323683,0.013266515859323683,0.02690127871013473,0.013634762850811047
low_R2_0.25,0.7,4.3,0.12165535991565153,0.013266515859323683,0.013266515859323683,0.0271954045450042,0.013928888685680518
low_R2_0.25,0.7,4.4,0.12165535991565153,0.013266515859323683,0.013266515859323683,0.027488168445541927,0.014221652586218244
low_R2_0.25,0.7,4.5,0.12165535991565153,0.013266515859323683,0.013266515859323683,0.027779564983379787,0.014513049124056104
low_R2_0.25,0.7,4.6,0.12165535991565153,0.013266515859323683,0.013266515859323683,0.028069589408745522,0.01480307354942184
low_R2_0.25,0.7,4.7,0.12165535991565153,0.013266515859323683,0.013266515859323683,0.02835823762664959,0.015091721767325908
low_R2_0.25,0.7,4.8,0.12165535991565153,0.013266515859323683,0.013266515859323683,0.028645506172493746,0.015378990313170063
low_R2_0.25,0.7,4.9,0.12165535991565153,0.013266515859323683,0.013266515859323683,0.028931392187388764,0.015664876328065083
low_R2_0.25,0.7,5.0,0.12165535991565153,0.013266515859323683,0.013266515859323683,0.029215893393413794,0.015949377534090113
low_R2_0.25,0.75,0.1,0.20131112937408,0.014215073791948878,0.014215073791948878,0.01448552855368353,0.0002704547617346526
low_R2_0.25,0.75,0.2,0.20131112937408,0.014215073791948878,0.014215073791948878,0.014731364861444371,0.000516291069495493
low_R2_0.25,0.75,0.3,0.20131112937408,0.014215073791948878,0.014215073791948878,0.014972690052557407,0.0007576162606085287
low_R2_0.25,0.75,0.4,0.20131112937408,0.014215073791948878,0.014215073791948878,0.015213315508070913,0.0009982417161220353
low_R2_0.25,0.75,0.5,0.20131112937408,0.014215073791948878,0.014215073791948878,0.015454753970959445,0.0012396801790105667
low_R2_0.25,0.75,0.6,0.20131112937408,0.014215073791948878,0.014215073791948878,0.015697789358890258,0.00148271556694138
low_R2_0.25,0.75,0.7,0.20131112937408,0.014215073791948878,0.014215073791948878,0.015942876022388325,0.0017278022304394475
low_R2_0.25,0.75,0.8,0.20131112937408,0.014215073791948878,0.014215073791948878,0.016190287993784403,0.001975214201835525
low_R2_0.25,0.75,0.9,0.20131112937408,0.014215073791948878,0.014215073791948878,0.016440188994072742,0.0022251152021238643
low_R2_0.25,0.75,1.0,0.20131112937408,0.014215073791948878,0.014215073791948878,0.016692670388578208,0.0024775965966293296
low_R2_0.25,0.75,1.1,0.20131112937408,0.014215073791948878,0.014215073791948878,0.016947773872681083,0.002732700080732205
low_R2_0.25,0.75,1.2,0.20131112937408,0.014215073791948878,0.014215073791948878,0.017205505994237993,0.0029904322022891155
low_R2_0.25,0.75,1.3,0.20131112937408,0.014215073791948878,0.014215073791948878,0.017465847928780875,0.003250774136831997
low_R2_0.25,0.75,1.4,0.20131112937408,0.014215073791948878,0.014215073791948878,0.017728762313036415,0.003513688521087537
low_R2_0.25,0.75,1.5,0.20131112937408,0.014215073791948878,0.014215073791948878,0.01799419816344701,0.003779124371498131
low_R2_0.25,0.75,1.6,0.20131112937408,0.014215073791948878,0.014215073791948878,0.018262094498200907,0.004047020706252029
low_R2_0.25,0.75,1.7,0.20131112937408,0.014215073791948878,0.014215073791948878,0.018532383053175183,0.0043173092612263046
low_R2_0.25,0.75,1.8,0.20131112937408,0.014215073791948878,0.014215073791948878,0.018804990347862524,0.004589916555913646
low_R2_0.25,0.75,1.9,0.20131112937408,0.014215073791948878,0.014215073791948878,0.019079839274721743,0.004864765482772865
low_R2_0.25,0.75,2.0,0.20131112937408,0.014215073791948878,0.014215073791948878,0.019356850332662687,0.0051417765407138095
low_R2_0.25,0.75,2.1,0.20131112937408,0.014215073791948878,0.014215073791948878,0.019635942590654976,0.005420868798706098
low_R2_0.25,0.75,2.2,0.20131112937408,0.014215073791948878,0.014215073791948878,0.019917034443957243,0.005701960652008365
low_R2_0.25,0.75,2.3,0.20131112937408,0.014215073791948878,0.014215073791948878,0.020200044209188427,0.005984970417239549
low_R2_0.25,0.75,2.4,0.20131112937408,0.014215073791948878,0.014215073791948878,0.0204848905929504,0.006269816801001521
low_R2_0.25,0.75,2.5,0.20131112937408,0.014215073791948878,0.014215073791948878,0.020771493060417222,0.006556419268468344
low_R2_0.25,0.75,2.6,0.20131112937408,0.014215073791948878,0.014215073791948878,0.021059772124232858,0.00684469833228398
low_R2_0.25,0.75,2.7,0.20131112937408,0.014215073791948878,0.014215073791948878,0.02134964956954621,0.007134575777597333
low_R2_0.25,0.75,2.8,0.20131112937408,0.014215073791948878,0.014215073791948878,0.021641048627615185,0.007425974835666307
low_R2_0.25,0.75,2.9,0.20131112937408,0.014215073791948878,0.014215073791948878,0.021933894107824113,0.007718820315875235
low_R2_0.25,0.75,3.0,0.20131112937408,0.014215073791948878,0.014215073791948878,0.022228112495967116,0.008013038704018238
low_R2_0.25,0.75,3.1,0.20131112937408,0.014215073791948878,0.014215073791948878,0.02252363202510242,0.00830855823315354
low_R2_0.25,0.75,3.2,0.20131112937408,0.014215073791948878,0.014215073791948878,0.022820382724069267,0.008605308932120389
low_R2_0.25,0.75,3.3,0.20131112937408,0.014215073791948878,0.014215073791948878,0.02311829644780073,0.008903222655851853
low_R2_0.25,0.75,3.4,0.20131112937408,0.014215073791948878,0.014215073791948878,0.023417306892803094,0.009202233100854216
low_R2_0.25,0.75,3.5,0.20131112937408,0.014215073791948878,0.014215073791948878,0.02371734960056147,0.009502275808612593
low_R2_0.25,0.75,3.6,0.20131112937408,0.014215073791948878,0.014215073791948878,0.02401836195113949,0.00980328815919061
low_R2_0.25,0.75,3.7,0.20131112937408,0.014215073791948878,0.014215073791948878,0.024320283148842062,0.010105209356893184
low_R2_0.25,0.75,3.8,0.20131112937408,0.014215073791948878,0.014215073791948878,0.024623054201485778,0.0104079804095369
low_R2_0.25,0.75,3.9,0.20131112937408,0.014215073791948878,0.014215073791948878,0.024926617894556104,0.010711544102607226
low_R2_0.25,0.75,4.0,0.20131112937408,0.014215073791948878,0.014215073791948878,0.02523091876131265,0.011015844969363772
low_R2_0.25,0.75,4.1,0.20131112937408,0.014215073791948878,0.014215073791948878,0.025535903049724175,0.011320829257775297
low_R2_0.25,0.75,4.2,0.20131112937408,0.014215073791948878,0.014215073791948878,0.025841518686966335,0.011626444895017457
low_R2_0.25,0.75,4.3,0.20131112937408,0.014215073791948878,0.014215073791948878,0.026147715242092032,0.011932641450143154
low_R2_0.25,0.75,4.4,0.20131112937408,0.014215073791948878,0.014215073791948878,0.026454443887381603,0.012239370095432725
low_R2_0.25,0.75,4.5,0.20131112937408,0.014215073791948878,0.014215073791948878,0.026761657358794523,0.012546583566845645
low_R2_0.25,0.75,4.6,0.20131112937408,0.014215073791948878,0.014215073791948878,0.02706930991587281,0.012854236123923933
low_R2_0.25,0.75,4.7,0.20131112937408,0.014215073791948878,0.014215073791948878,0.027377357301386365,0.013162283509437487
low_R2_0.25,0.75,4.8,0.20131112937408,0.014215073791948878,0.014215073791948878,0.027685756700960226,0.013470682909011348
low_R2_0.25,0.75,4.9,0.20131112937408,0.014215073791948878,0.014215073791948878,0.027994466702881457,0.013779392910932579
low_R2_0.25,0.75,5.0,0.20131112937408,0.014215073791948878,0.014215073791948878,0.028303447258247707,0.014088373466298829
low_R2_0.25,0.8,0.1,0.35696084981516324,0.012454263478639984,0.012454263478639984,0.012545979452917187,9.171597427720321e-05
low_R2_0.25,0.8,0.2,0.35696084981516324,0.012454263478639984,0.012454263478639984,0.012643802158579758,0.00018953867993977414
low_R2_0.25,0.8,0.3,0.35696084981516324,0.012454263478639984,0.012454263478639984,0.012747655204616364,0.0002933917259763802
low_R2_0.25,0.8,0.4,0.35696084981516324,0.012454263478639984,0.012454263478639984,0.012857452623676388,0.00040318914503640474
low_R2_0.25,0.8,0.5,0.35696084981516324,0.012454263478639984,0.012454263478639984,0.012973100949543017,0.000518837470903033
low_R2_0.25,0.8,0.6,0.35696084981516324,0.012454263478639984,0.012454263478639984,0.013094500960572459,0.0006402374819324749
low_R2_0.25,0.8,0.7,0.35696084981516324,0.012454263478639984,0.012454263478639984,0.013221549127470566,0.0007672856488305825
low_R2_0.25,0.8,0.8,0.35696084981516324,0.012454263478639984,0.012454263478639984,0.013354138807661859,0.0008998753290218754
low_R2_0.25,0.8,0.9,0.35696084981516324,0.012454263478639984,0.012454263478639984,0.013492161226374616,0.0010378977477346323
low_R2_0.25,0.8,1.0,0.35696084981516324,0.012454263478639984,0.012454263478639984,0.01363550628008312,0.0011812428014431366
low_R2_0.25,0.8,1.1,0.35696084981516324,0.012454263478639984,0.012454263478639984,0.013784063192871877,0.0013297997142318937
low_R2_0.25,0.8,1.2,0.35696084981516324,0.012454263478639984,0.012454263478639984,0.013937721051415445,0.0014834575727754613
low_R2_0.25,0.8,1.3,0.35696084981516324,0.012454263478639984,0.012454263478639984,0.014096369239923539,0.001642105761283555
low_R2_0.25,0.8,1.4,0.35696084981516324,0.012454263478639984,0.012454263478639984,0.014259897792673889,0.0018056343140339052
low_R2_0.25,0.8,1.5,0.35696084981516324,0.012454263478639984,0.012454263478639984,0.014428197678627092,0.0019739341999871086
low_R2_0.25,0.8,1.6,0.35696084981516324,0.012454263478639984,0.012454263478639984,0.014601161030026198,0.0021468975513862145
low_R2_0.25,0.8,1.7,0.35696084981516324,0.012454263478639984,0.012454263478639984,0.014778681324753242,0.002324417846113258
low_R2_0.25,0.8,1.8,0.35696084981516324,0.012454263478639984,0.012454263478639984,0.01496065353047088,0.002506390051830896
low_R2_0.25,0.8,1.9,0.35696084981516324,0.012454263478639984,0.012454263478639984,0.015146974217152448,0.002692710738512464
low_R2_0.25,0.8,2.0,0.35696084981516324,0.012454263478639984,0.012454263478639984,0.01533754164344065,0.0028832781648006657
low_R2_0.25,0.8,2.1,0.35696084981516324,0.012454263478639984,0.012454263478639984,0.01553225582132489,0.0030779923426849064
low_R2_0.25,0.8,2.2,0.35696084981516324,0.012454263478639984,0.012454263478639984,0.015731018562850474,0.0032767550842104903
low_R2_0.25,0.8,2.3,0.35696084981516324,0.012454263478639984,0.012454263478639984,0.015933733511936568,0.0034794700332965844
low_R2_0.25,0.8,2.4,0.35696084981516324,0.012454263478639984,0.012454263478639984,0.016140306163857802,0.0036860426852178187
low_R2_0.25,0.8,2.5,0.35696084981516324,0.012454263478639984,0.012454263478639984,0.01635064387451496,0.003896380395874975
low_R2_0.25,0.8,2.6,0.35696084981516324,0.012454263478639984,0.012454263478639984,0.01656465586126658,0.004110392382626596
low_R2_0.25,0.8,2.7,0.35696084981516324,0.012454263478639984,0.012454263478639984,0.016782253196800725,0.004327989718160742
low_R2_0.25,0.8,2.8,0.35696084981516324,0.012454263478639984,0.012454263478639984,0.017003348797284355,0.004549085318644371
low_R2_0.25,0.8,2.9,0.35696084981516324,0.012454263478639984,0.012454263478639984,0.01722785740582674,0.004773593927186756
low_R2_0.25,0.8,3.0,0.35696084981516324,0.012454263478639984,0.012454263478639984,0.017455695572126263,0.00500143209348628
low_R2_0.25,0.8,3.1,0.35696084981516324,0.012454263478639984,0.012454263478639984,0.01768678162903057,0.005232518150390586
low_R2_0.25,0.8,3.2,0.35696084981516324,0.012454263478639984,0.012454263478639984,0.01792103566662358,0.005466772187983597
low_R2_0.25,0.8,3.3,0.35696084981516324,0.012454263478639984,0.012454263478639984,0.01815837950435538,0.0057041160257153955
low_R2_0.25,0.8,3.4,0.35696084981516324,0.012454263478639984,0.012454263478639984,0.018398736661649154,0.005944473183009171
low_R2_0.25,0.8,3.5,0.35696084981516324,0.012454263478639984,0.012454263478639984,0.018642032327350504,0.00618776884871052
low_R2_0.25,0.8,3.6,0.35696084981516324,0.012454263478639984,0.012454263478639984,0.01888819332832657,0.006433929849686585
low_R2_0.25,0.8,3.7,0.35696084981516324,0.012454263478639984,0.012454263478639984,0.01913714809747345,0.006682884618833465
low_R2_0.25,0.8,3.8,0.35696084981516324,0.012454263478639984,0.012454263478639984,0.01938882664134912,0.006934563162709137
low_R2_0.25,0.8,3.9,0.35696084981516324,0.012454263478639984,0.012454263478639984,0.019643160507614086,0.007188897028974102
low_R2_0.25,0.8,4.0,0.35696084981516324,0.012454263478639984,0.012454263478639984,0.01990008275243231,0.007445819273792327
low_R2_0.25,0.8,4.1,0.35696084981516324,0.012454263478639984,0.012454263478639984,0.02015952790795988,0.007705264429319897
low_R2_0.25,0.8,4.2,0.35696084981516324,0.012454263478639984,0.012454263478639984,0.02042143195002752,0.007967168471387535
low_R2_0.25,0.8,4.3,0.35696084981516324,0.012454263478639984,0.012454263478639984,0.02068573226610484,0.008231468787464858
low_R2_0.25,0.8,4.4,0.35696084981516324,0.012454263478639984,0.012454263478639984,0.02095236762361886,0.008498104144978877
low_R2_0.25,0.8,4.5,0.35696084981516324,0.012454263478639984,0.012454263478639984,0.021221278138686087,0.008767014660046103
low_R2_0.25,0.8,4.6,0.35696084981516324,0.012454263478639984,0.012454263478639984,0.021492405245306385,0.009038141766666402
low_R2_0.25,0.8,4.7,0.35696084981516324,0.012454263478639984,0.012454263478639984,0.02176569166505719,0.009311428186417206
low_R2_0.25,0.8,4.8,0.35696084981516324,0.012454263478639984,0.012454263478639984,0.022041081377318618,0.009586817898678634
low_R2_0.25,0.8,4.9,0.35696084981516324,0.012454263478639984,0.012454263478639984,0.022318519590053064,0.00986425611141308
low_R2_0.25,0.8,5.0,0.35696084981516324,0.012454263478639984,0.012454263478639984,0.02259795271115701,0.010143689232517026
